Timestamp,What is your current academic status?,What is your current employment status,What is your Faculty academic field,What is your degree programme or specialisation?,"How would you describe your current academic performance trend?
(If you are in your 1st year and it is too early to tell, select the last option.)",What career area are you currently most interested in?,"What specific career role do you prefer most?
Short answer — e.g. Software Engineer, Accountant, Teacher, Nurse, Lawyer",How confident are you about this career interest?,Did you previously prefer a different career path?,"If yes, what was your previous career interest?","Rate your current skill level in the following area:
1 = No knowledge  |  5 = Advanced [Digital literacy]","Rate your current skill level in the following area:
1 = No knowledge  |  5 = Advanced [Communication]","Rate your current skill level in the following area:
1 = No knowledge  |  5 = Advanced [Problem solving]","Rate your current skill level in the following area:
1 = No knowledge  |  5 = Advanced [Leadership]","Rate your current skill level in the following area:
1 = No knowledge  |  5 = Advanced [Teamwork]","Rate your current skill level in the following area:
1 = No knowledge  |  5 = Advanced [Research]","Rate your current skill level in the following area:
1 = No knowledge  |  5 = Advanced [Data Analysis]","Rate your current skill level in the following area:
1 = No knowledge  |  5 = Advanced [Documentation]","Rate your current skill level in the following area:
1 = No knowledge  |  5 = Advanced [Creativity]",What is your preferred learning method?,How consistent are you with learning new skills outside university work?,Have you participated in extracurricular activities?,"What type of extracurricular activities have you participated in? 
Select all that apply",What is your highest role in extracurricular activities,"Have you completed certifications, courses, projects, or practical work related to your career?","What type of career-related work have you completed?
Select all that apply","What type of career support would be most useful for you?
Select up to 3 options",How many subjects or modules are you currently studying?,Approximately how many hours do you study per week outside lectures?,At what time of day are you usually most productive?,Do you have a part-time or full-time job?,"If yes, how many hours do you work per week","Which commitments normally affect your study schedule?
Select all that apply",How many academic tasks do you normally have in one week?,How often do you complete tasks before the deadline?,"When several tasks are due, which one do you normally do first?",Would you like a system to automatically reduce your workload when your stress level becomes high?,"What is your biggest problem when managing university tasks?
Optional — your answer will be used for qualitative analysis only","In the last month, how often have you felt the following? [Been upset because of something that happened unexpectedly?]","In the last month, how often have you felt the following? [Unable to control the important things in your life?]","In the last month, how often have you felt the following? [Nervous and stressed?]","In the last month, how often have you felt the following? [Confident about your ability to handle your personal problems?]","In the last month, how often have you felt the following? [Things were going your way?]","In the last month, how often have you felt the following? [Unable to cope with all the things you had to do?]","In the last month, how often have you felt the following? [Able to control irritations in your life?]","In the last month, how often have you felt the following? [On top of things?]","In the last month, how often have you felt the following? [Angered because of things that were outside of your control?]","In the last month, how often have you felt the following? [Difficulties were piling up so high that you could not overcome them?]","How many hours do you usually sleep per night on average?
Enter a whole number between 1 and 12",How often does stress affect your ability to complete academic tasks?,"When you are highly stressed, would moving lower-priority tasks to another day help you?","What is your age?
Enter a whole number","What is your height?
Enter in centimetres — e.g. 165","What is your current weight?
Enter in kilograms — e.g. 62. BMI will be calculated automatically.","What is your main physical wellbeing goal?
Select all that apply",How would you describe your current physical activity level?,"How often do you currently exercise?
Enter a number between 0 and 7 — days per week","Which physical activities would you be willing to do regularly?
Select all that apply",Do you have any physical limitations that should be considered when recommending exercises?,Physical limitations that should be considered when recommending exercises?,"What exercise facilities or equipment do you have access to?
Select all that apply","On a typical university day, how much time can you realistically spend on physical activity?",How motivated are you to maintain healthy physical habits?,"What are the main reasons that make it difficult to maintain healthy physical habits?
Select all that apply","What is your main nutrition goal?
Select all that apply",What is your meal preference?,What is your dietary preference?,Where do you usually get your meals?,"Rate how often each of the following applies to you, based on the past few weeks   [How often do you feel tired?]","Rate how often each of the following applies to you, based on the past few weeks   [How often are you physically exhausted?]","Rate how often each of the following applies to you, based on the past few weeks   [How often are you emotionally exhausted?]","Rate how often each of the following applies to you, based on the past few weeks   [How often do you think: ""I can't take it anymore""?]","Rate how often each of the following applies to you, based on the past few weeks   [How often do you feel worn out?]","Rate how often each of the following applies to you, based on the past few weeks   [How often do you feel weak and susceptible to illness?]","Rate how often each of the following applies to you, based on the past few weeks   [How often do you feel worn out at the end of a day of classes/studying?]","Rate how often each of the following applies to you, based on the past few weeks   [How often are you exhausted in the morning at the thought of another day of classes/studying?]","Rate how often each of the following applies to you, based on the past few weeks   [How often do you feel that every hour of studying is tiring for you?]","Rate how often each of the following applies to you, based on the past few weeks   [Do you have enough energy for family and friends during your leisure time?]",Column 69
03/09/2026 16:20:12,4th Year Undergraduate,Full-Time Employee,Computing,Information Technology,Stable,Technology/Software,Implementation Engineer,3,Yes,Software Engineer,4,5,3,4,4,3,3,4,4,Watching Videos,Monthly,Yes,"Sports, Clubs and societies, Volunteering, Media/Content Creation, Student leadership, Technical communities, Academic societies","Member, Active Member, Coordinator, President/Captain, Team leader, Organiser, Volunteer",Currently following/working on one,"Academic project, Personal project, Research project, Volunteer work, Technical / practical work","Skill gap analysis, Course recommendations, Certification recommendations",1–3,Less than 5 hours,Late Night,Yes,45,"Job, Sports, Clubs / Societies",3–5,3,Closest deadline,Yes,Managing time,Fairly often,Fairly often,Fairly often,Fairly often,Fairly often,Fairly often,Fairly often,Fairly often,Fairly often,Fairly often,5,Often,3,23,166,61,"Improve overall fitness, Increase physical activity, Improve strength, Improve flexibility / mobility, Manage body weight, Improve sleep, Maintain current wellbeing",Lightly active,2,"Walking, Running / jogging, Cycling, Home workouts, Gym / strength training",No limitations,,"Outdoor walking / running area, Gym / fitness centre",15–30 minutes,4,"Academic workload, Lack of time, Lack of motivation, Tiredness / lack of sleep, Stress, Lack of facilities / equipment","Maintain healthy eating, Manage body weight, Improve nutritional quality, Increase protein intake, Increase fruit and vegetable intake",Combination of both,No specific preference,Combination,,,,,,,,,,,
03/09/2026 17:07:26,4th Year Undergraduate,Unemployed,Computing,Information Technology,Improving,Technology/Software,Business analyst,2,Yes,Software engineer ,4,4,4,4,4,4,3,4,4,Watching Videos,Rarely,Yes,"Sports, Clubs and societies, Volunteering, Competition, Debating/Public Speaking, Student leadership, Religious/social service activities","President/Captain, Team leader",No,,"Career recommendation, Skill gap analysis, Certification recommendations, Interview practice, CV guidance, Internship guidance, Career change guidance",1–3,Less than 5 hours,Evening,No,,Lectures / Labs,1–2,5,Closest deadline,Yes,Time management ,Sometimes,Never,Sometimes,Sometimes,Sometimes,Sometimes,Sometimes,Sometimes,Never,Never,8 hours ,Sometimes,4,23,153 cm,62kg,"Improve overall fitness, Increase physical activity, Improve strength, Manage body weight",Moderately active,3,"Walking, Cycling, Home workouts, Dance / Zumba",No limitations,,"Outdoor walking / running area, Exercise mat, Dumbbells / weights, Gym / fitness centre",15–30 minutes,5,"Academic workload, Lack of time, Lack of motivation","Maintain healthy eating, Manage body weight",Sri Lankan meals,No specific preference,Cook at home,,,,,,,,,,,
03/09/2026 17:10:51,3rd Year Undergraduate,Full-Time Employee,Design/Creative Studies,Interior Architecture ,Stable,Design/Creative Industry,Interior Architect ,5,No,,4,5,4,4,4,5,5,5,5,Practical/laboratory work,Weekly,Yes,"Sports, Clubs and societies, Volunteering, Media/Content Creation, Performing arts, Student leadership, Religious/social service activities, Technical communities, Academic societies","Active Member, Coordinator, Secretary/Treasurer, President/Captain, Team leader, Organiser, Volunteer",Currently following/working on one,"Academic project, Personal project, Technical / practical work, Case study / report, Portfolio work","Skill gap analysis, Project ideas, Career change guidance",1–3,Less than 5 hours,Evening,Yes,7-8 hours a day ,"i think i manage my time well.so, i dont think any of these affects my studies. ",3–5,5,Hardest task,Maybe,"Well, if it's a group project managing my team mates to get the things done on time might be a problem sometimes other than that I don't see anything as a problem. ",Fairly often,Almost Never,Fairly often,Sometimes,Fairly often,Almost Never,Sometimes,Almost Never,Almost Never,Sometimes,8h maybe ,Rarely,3,22,5'3,49-50,"Improve overall fitness, Increase physical activity, Improve strength, Improve flexibility / mobility, Manage body weight, Maintain current wellbeing",Lightly active,i dont ,"Walking, Gym / strength training, Yoga, Stretching / mobility, Sports, Dance / Zumba",Prefer not to say,,"No equipment, Outdoor walking / running area, Exercise mat, Gym / fitness centre",Less than 15 minutes,2,"Lack of time, Tiredness / lack of sleep, LAZY AF","Maintain healthy eating, Manage body weight, Improve nutritional quality, Increase protein intake, Increase fruit and vegetable intake, Support fitness",Combination of both,No specific preference,Cook at home,,,,,,,,,,,
03/09/2026 17:17:02,2nd Year Undergraduate,Unemployed,Sciene,Marketing Management,Improving,NGO/Social Work,cant ,4,Yes,omg non ofyour bs ,3,3,2,3,2,3,4,3,3,Practising with projects,Monthly,Yes,"Clubs and societies, Volunteering",Coordinator,No,,"Skill gap analysis, Certification recommendations",4–5,More than 20 hours,Morning,No,,Sports,1–2,3,Task I like most,Maybe,no ,Almost Never,Sometimes,Fairly often,Fairly often,Fairly often,Fairly often,Fairly often,Sometimes,Fairly often,Sometimes,idk ,Often,4,90,100,idk ,Increase physical activity,Very inactive,aiuuo no ,Home workouts,No limitations,,"No equipment, Outdoor walking / running area",31–45 minutes,4,Lack of motivation,Manage body weight,Sri Lankan meals,Vegan,University cafeteria / canteen,,,,,,,,,,,
03/09/2026 17:25:19,4th Year Undergraduate,Intern/Trainee,Health Science/Medicine,Psycology,Stable,Psycology/Counselling,Psychology clinical ,3,Yes,Law,5,5,5,5,5,5,3,5,5,Watching Videos,Rarely,Yes,"Sports, Clubs and societies, Volunteering, Competition, Religious/social service activities","Coordinator, Volunteer",Planning to start,,"Skill gap analysis, Certification recommendations, Interview practice, CV guidance, Internship guidance",More than 7,5–10 hours,Late Night,Yes,56,"Lectures / Labs, Family responsibilities, Travel",1–2,5,Closest deadline,Yes,Meeting uni expectations ,Sometimes,Sometimes,Sometimes,Sometimes,Sometimes,Sometimes,Sometimes,Sometimes,Sometimes,Sometimes,5,Often,4,23,157,54,Improve overall fitness,Moderately active,1,"Walking, Home workouts, Stretching / mobility, Dance / Zumba",No limitations,,No equipment,15–30 minutes,4,"Academic workload, Lack of time, Tiredness / lack of sleep, Stress, Cost","Maintain healthy eating, Manage body weight, Improve nutritional quality, Increase protein intake, Increase fruit and vegetable intake, Support fitness",Combination of both,Non Vegetraian,Cook at home,,,,,,,,,,,
03/09/2026 17:29:37,3rd Year Undergraduate,Unemployed,Sciene,Environmental science ,Stable,Research/Academia,Lecturer ,4,Yes,Interior designer ,4,4,4,4,4,3,3,4,4,Watching Videos,Rarely,Yes,"Sports, Clubs and societies, Volunteering, Competition","Secretary/Treasurer, President/Captain, Volunteer",Yes,Laboratory / field work,"Career recommendation, Skill gap analysis, Certification recommendations, Project ideas, Interview practice, CV guidance, Internship guidance, Career roadmap",6–7,Less than 5 hours,Morning,No,,"Sports, Clubs / Societies",3–5,5,Closest deadline,Yes,,Very often,Sometimes,Very often,Fairly often,Sometimes,Fairly often,Sometimes,Sometimes,Sometimes,Sometimes,7,Often,5,23,168,69,"Improve overall fitness, Manage body weight, Improve sleep",Lightly active,0,"Walking, Cycling, Dance / Zumba",No limitations,,"No equipment, Outdoor walking / running area",15–30 minutes,3,"Academic workload, Lack of time, Lack of motivation, Tiredness / lack of sleep","Maintain healthy eating, Manage body weight, Improve nutritional quality",Sri Lankan meals,Non Vegetraian,University cafeteria / canteen,,,,,,,,,,,
03/09/2026 17:35:36,4th Year Undergraduate,Full-Time Employee,Computing,Cyber Security ,Not sure/Too early to tell,Entrepreneurship,Cyber Security Analyst,5,Yes,Airlines,5,5,5,5,5,5,5,5,5,Practical/laboratory work,Weekly,Yes,Sports,"Active Member, Organiser",Planning to start,,"Skill gap analysis, Course recommendations, Internship guidance",More than 7,Less than 5 hours,Evening,Yes,40 hrs  per week,Job,1–2,3,Hardest task,Yes,Time management and keeping up with multiple deadlines.,Sometimes,Almost Never,Sometimes,Sometimes,Sometimes,Sometimes,Sometimes,Sometimes,Sometimes,Sometimes,7,Rarely,4,28,168 cm,64,"Improve overall fitness, Increase physical activity, Improve strength, Improve sleep, Maintain current wellbeing",Moderately active,3,"Walking, Home workouts, Sports, Dance / Zumba",No limitations,,Outdoor walking / running area,15–30 minutes,5,"Academic workload, Lack of time, Lack of motivation, Tiredness / lack of sleep, Stress, Cost",Maintain healthy eating,Combination of both,No specific preference,Cook at home,,,,,,,,,,,
03/09/2026 17:38:37,4th Year Undergraduate,Intern/Trainee,Computing,Software Engineering,Improving,Design/Creative Industry,UI UX designer  and BA analyst ,4,Not Sure,,3,3,5,5,5,3,5,5,5,Practising with projects,Rarely,Yes,Sports,Member,Yes,Portfolio work,"Career recommendation, Project ideas, Career roadmap",4–5,5–10 hours,Late Night,No,,Nothing ,1–2,5,Closest deadline,Yes,Lack of knowledge ,Very often,Very often,Very often,Very often,Very often,Very often,Very often,Very often,Very often,Very often,6 hours ,Always,1,24,172 cm,68kg ,Manage body weight,Highly active,Nope,Walking,Prefer not to say,,No equipment,Less than 15 minutes,1,"Academic workload, Lack of motivation","Maintain healthy eating, Manage body weight",Combination of both,Non Vegetraian,Cook at home,,,,,,,,,,,
03/09/2026 18:04:42,1st Year Undergraduate,Unemployed,Health Science/Medicine,Nursing/Health Sciences,Improving,Healthcare/Medicine,Nurse,5,No,,1,3,3,3,4,3,2,4,3,Reading notes/ articles,Rarely,No,,,Planning to start,,"Project ideas, Portfolio guidance, Internship guidance",4–5,Less than 5 hours,Evening,No,,"Lectures / Labs, Social activities, Mobile ",3–5,5,Most important task,No,,Almost Never,Sometimes,Very often,Sometimes,Fairly often,Fairly often,Very often,Never,Very often,Very often,9 or 10,Sometimes,4,16,I am 5'4,52,Improve flexibility / mobility,Moderately active,2,"Walking, Home workouts",No limitations,,Outdoor walking / running area,15–30 minutes,2,"Lack of time, Lack of motivation, Tiredness / lack of sleep, Stress, Lack of knowledge","Manage body weight, Increase fruit and vegetable intake",Combination of both,Non Vegetraian,Combination,,,,,,,,,,,
03/09/2026 18:08:12,4th Year Undergraduate,Full-Time Employee,Computing,Information Technology,Stable,Data/Analytics,Analyst,5,Yes,Banker,4,5,5,5,5,4,5,4,4,Trial and Error,Weekly,Yes,"Clubs and societies, Volunteering, Student leadership","Coordinator, Team leader",Planning to start,,"Career recommendation, Skill gap analysis, Career roadmap",1–3,5–10 hours,Late Night,Yes,40+,"Lectures / Labs, Clubs / Societies, Family responsibilities",1–2,4,Closest deadline,Yes,Deadlines,Fairly often,Sometimes,Very often,Sometimes,Sometimes,Fairly often,Sometimes,Fairly often,Very often,Fairly often,5,Often,5,23,165,56,"Improve overall fitness, Improve sleep",Moderately active,0,"Cycling, Home workouts",No limitations,,No equipment,Less than 15 minutes,3,"Academic workload, Lack of motivation, Tiredness / lack of sleep, Stress",Maintain healthy eating,Combination of both,Non Vegetraian,Combination,,,,,,,,,,,
03/09/2026 18:08:42,3rd Year Undergraduate,Intern/Trainee,Computing,Information Technology,Stable,Technology/Software,Software Engineer ,3,No,,3,4,4,3,4,4,3,3,3,Watching Videos,Weekly,No,,,Currently following/working on one,"Academic project, Personal project, Research project","Skill gap analysis, Course recommendations, Certification recommendations, Interview practice, CV guidance, Internship guidance, Career roadmap, Career change guidance",4–5,5–10 hours,Morning,No,,"Lectures / Labs, Job, Sports, Clubs / Societies, Family responsibilities",3–5,3,Most important task,Yes,,Fairly often,Sometimes,Fairly often,Sometimes,Sometimes,Sometimes,Sometimes,Sometimes,Sometimes,Sometimes,6,Often,3,22,166,63,"Improve overall fitness, Increase physical activity, Improve strength, Improve flexibility / mobility",Lightly active,4,"Cycling, Gym / strength training, Sports",No limitations,,"Outdoor walking / running area, Exercise mat, Resistance bands, Dumbbells / weights, Gym / fitness centre",31–45 minutes,4,Academic workload,Support fitness,Combination of both,No specific preference,Combination,,,,,,,,,,,
03/09/2026 18:14:34,4th Year Undergraduate,Full-Time Employee,Computing,Information Technology,Declining,Technology/Software,Software Engineer ,4,No,,5,5,4,5,5,5,4,5,5,Reading notes/ articles,Monthly,No,,,Yes,"Academic project, Personal project, Research project, Technical / practical work","Skill gap analysis, Career roadmap",1–3,Less than 5 hours,Late Night,Yes,60 hrs ,"Job, Family responsibilities",1–2,5,Closest deadline,Yes,,Very often,Sometimes,Very often,Fairly often,Sometimes,Fairly often,Very often,Sometimes,Very often,Very often,4,Rarely,2,23,159,45,Improve sleep,Very inactive,0,Cycling,No limitations,,No equipment,Less than 15 minutes,5,"Academic workload, Stress","Maintain healthy eating, Manage body weight",Combination of both,Non Vegetraian,Combination,,,,,,,,,,,
03/09/2026 18:24:16,2nd Year Undergraduate,Fresh Graduate,Health Science/Medicine,Biotechnology ,Improving,Healthcare/Medicine,Biotechnologist,5,Not Sure,,5,4,5,5,4,4,4,5,5,Trial and Error,Daily,Yes,"Sports, Volunteering, Competition, Performing arts, Student leadership, Religious/social service activities, Academic societies","Member, Active Member, Volunteer",Yes,"Academic project, Research project, Volunteer work, Laboratory / field work","Career recommendation, Certification recommendations",6–7,16–20 hours,Late Night,No,,"Lectures / Labs, Sports, Clubs / Societies, Family responsibilities, Travel",3–5,4,Most important task,Yes,,Fairly often,Sometimes,Sometimes,Almost Never,Sometimes,Sometimes,Sometimes,Sometimes,Sometimes,Sometimes,6,Sometimes,3,23,153,45,"Improve overall fitness, Increase physical activity, Improve strength",Moderately active,2,"Home workouts, Stretching / mobility, Sports",No limitations,,"No equipment, Sports facilities",31–45 minutes,5,"Academic workload, Tiredness / lack of sleep",Improve nutritional quality,Combination of both,No specific preference,Cook at home,,,,,,,,,,,
03/09/2026 18:24:44,3rd Year Undergraduate,Intern/Trainee,Business/Management,Information Technology,Improving,Technology/Software,Business Analyst/ Project Manager ,5,No,,5,5,5,5,5,4,5,5,4,Watching Videos,Weekly,Yes,"Sports, Clubs and societies, Volunteering, Competition, Student leadership, Religious/social service activities","Member, Active Member, Coordinator, Secretary/Treasurer, Team leader, Organiser, Volunteer",Currently following/working on one,"Academic project, Personal project, Research project","Career recommendation, Project ideas, Career roadmap",4–5,5–10 hours,Late Night,Yes,40 Hrs per week,"Family responsibilities, Social activities",3–5,5,Closest deadline,Yes,,Sometimes,Fairly often,Sometimes,Sometimes,Fairly often,Sometimes,Fairly often,Sometimes,Fairly often,Fairly often,6 hrs,Often,3,22,162,62,"Improve overall fitness, Increase physical activity, Improve strength, Improve flexibility / mobility, Manage body weight",Lightly active,4,"Walking, Home workouts, Yoga, Sports",No limitations,,"Exercise mat, Gym / fitness centre",More than 60 minutes,4,"Academic workload, Lack of time, Lack of motivation, Tiredness / lack of sleep, Stress",Manage body weight,Sri Lankan meals,Non Vegetraian,Restaurants / takeaway,,,,,,,,,,,
03/09/2026 18:33:20,2nd Year Undergraduate,Intern/Trainee,Computing,Information Technology,Stable,Data/Analytics,Business Analyst ,5,No,,4,5,4,4,4,4,4,5,4,Trial and Error,Rarely,Yes,"Clubs and societies, Volunteering",Member,Currently following/working on one,Academic project,"Portfolio guidance, Internship guidance, Career roadmap",More than 7,Less than 5 hours,Late Night,No,,Clubs / Societies,3–5,4,Closest deadline,Yes,,Sometimes,Almost Never,Fairly often,Fairly often,Fairly often,Almost Never,Almost Never,Fairly often,Sometimes,Sometimes,7,Sometimes,5,22,165,58,Improve sleep,Lightly active,0,"Walking, Cycling",No limitations,,No equipment,Less than 15 minutes,2,Academic workload,Maintain healthy eating,Combination of both,No specific preference,Cook at home,,,,,,,,,,,
03/09/2026 18:37:29,4th Year Undergraduate,Intern/Trainee,Computing,Software Engineering,Declining,Marketing/Sales,business Analyst,4,Yes,software engineer ,3,4,3,2,3,3,3,3,3,Reading notes/ articles,Rarely,No,,,Planning to start,,Career roadmap,1–3,Less than 5 hours,Morning,Yes,40,Job,3–5,3,Closest deadline,Yes,academic workload,Very often,Very often,Very often,Fairly often,Sometimes,Sometimes,Fairly often,Sometimes,Sometimes,Sometimes,6,Often,5,22,164,64,Manage body weight,Moderately active,0,Walking,No limitations,,No equipment,Less than 15 minutes,3,Tiredness / lack of sleep,Support fitness,Combination of both,Non Vegetraian,University cafeteria / canteen,,,,,,,,,,,
03/09/2026 18:55:05,4th Year Undergraduate,Unemployed,Computing,Information Technology,Declining,Data/Analytics,Data analyst ,4,No,,3,4,3,4,5,5,3,4,4,Practising with projects,Monthly,Yes,"Sports, Clubs and societies, Volunteering, Competition, Media/Content Creation, Performing arts, Student leadership, Religious/social service activities, Technical communities, Academic societies",President/Captain,Yes,Academic project,Portfolio guidance,1–3,5–10 hours,Late Night,No,,"Social activities, Travel",1–2,4,Closest deadline,Yes,Many assignments at once ,Fairly often,Fairly often,Fairly often,Very often,Sometimes,Very often,Almost Never,Sometimes,Fairly often,Very often,7,Often,2,23,165,55,Manage body weight,Moderately active,0,"Walking, Running / jogging, Cycling, Home workouts, Gym / strength training, Yoga, Stretching / mobility, Sports",No limitations,,"Outdoor walking / running area, Exercise mat",15–30 minutes,3,"Academic workload, Lack of time, Lack of motivation, Tiredness / lack of sleep","Maintain healthy eating, Manage body weight, Increase protein intake",Sri Lankan meals,Non Vegetraian,Family-prepared meals,,,,,,,,,,,
03/09/2026 19:09:38,2nd Year Undergraduate,Unemployed,Computing,Computer Science,Stable,Not sure yet,Game Developer,3,Not Sure,,3,2,4,1,2,3,3,3,4,Practical/laboratory work,Monthly,Yes,Sports,"Member, Active Member",Planning to start,,"Skill gap analysis, Career roadmap, Career change guidance",4–5,Less than 5 hours,Late Night,No,,"Social activities, Travel",1–2,3,Closest deadline,Maybe,,Fairly often,Fairly often,Sometimes,Sometimes,Almost Never,Sometimes,Sometimes,Almost Never,Sometimes,Fairly often,6,Sometimes,3,25,183,82,"Improve overall fitness, Increase physical activity, Improve strength, Improve flexibility / mobility, Improve sleep",Lightly active,3,"Walking, Running / jogging, Cycling, Gym / strength training, Stretching / mobility, Sports",Prefer not to say,,"No equipment, Outdoor walking / running area, Sports facilities",46–60 minutes,4,"Lack of motivation, Tiredness / lack of sleep, Stress, Lack of facilities / equipment, Lack of knowledge","Maintain healthy eating, Manage body weight, Improve nutritional quality, Increase protein intake, Increase fruit and vegetable intake, Support fitness",Combination of both,Non Vegetraian,Combination,,,,,,,,,,,
03/09/2026 19:12:11,4th Year Undergraduate,Unemployed,Computing,Computer Science,Stable,Technology/Software,Site Reliability Engineer,4,Yes,Software Engineer,4,5,4,5,5,3,3,5,4,Trial and Error,Daily,Yes,"Clubs and societies, Volunteering, Competition, Debating/Public Speaking, Media/Content Creation, Student leadership, Technical communities, Academic societies",President/Captain,Yes,"Academic project, Personal project, Research project, Volunteer work, Business / entrepreneurship activity, Technical / practical work, Case study / report, Portfolio work","Skill gap analysis, Project ideas, Career roadmap",4–5,Less than 5 hours,Late Night,No,,"Lectures / Labs, Clubs / Societies, Social activities",3–5,4,Closest deadline,Yes,Prioritization,Sometimes,Almost Never,Very often,Very often,Sometimes,Sometimes,Sometimes,Sometimes,Almost Never,Sometimes,6,Often,3,24,173,70,"Improve overall fitness, Improve sleep",Lightly active,0,"Walking, Running / jogging, Home workouts, Gym / strength training, Sports",No limitations,,Gym / fitness centre,More than 60 minutes,3,"Academic workload, Lack of motivation, Tiredness / lack of sleep, Stress, Lack of knowledge","Maintain healthy eating, Improve nutritional quality, Increase protein intake, Support fitness",Combination of both,Non Vegetraian,Combination,,,,,,,,,,,
03/09/2026 19:22:49,3rd Year Undergraduate,Unemployed,Engineering,Accounting and Finance,Stable,Finance/Accounting,Accountant,5,No,,4,4,4,4,5,4,4,4,5,Practising with projects,Rarely,Yes,"Sports, Volunteering","Member, Volunteer",Currently following/working on one,"Academic project, Case study / report","Career recommendation, Skill gap analysis, Project ideas, Portfolio guidance, Interview practice, CV guidance, Internship guidance, Career roadmap, Career change guidance",6–7,11–15 hours,Late Night,No,,"Lectures / Labs, Job, Family responsibilities",3–5,5,Closest deadline,Yes,Team communication and commitment ,Very often,Fairly often,Sometimes,Very often,Never,Almost Never,Sometimes,Fairly often,Fairly often,Fairly often,6,Always,3,23,164,60,"Improve overall fitness, Improve strength, Improve flexibility / mobility",Very inactive,0,No,No limitations,,"Outdoor walking / running area, Gym / fitness centre",31–45 minutes,5,Lack of motivation,"Maintain healthy eating, Improve nutritional quality",Combination of both,No specific preference,Cook at home,,,,,,,,,,,
03/09/2026 19:26:48,4th Year Undergraduate,Intern/Trainee,Computing,Information Technology,Stable,Technology/Software,Software Engineer ,4,Yes,Health sector,4,5,4,5,4,5,4,5,5,Lecturer guidance,Monthly,Yes,"Clubs and societies, Volunteering, Student leadership",Secretary/Treasurer,Yes,"Academic project, Personal project, Case study / report, Portfolio work","Skill gap analysis, Certification recommendations, Interview practice",1–3,11–15 hours,Late Night,Yes,7,"Lectures / Labs, Job",3–5,4,Shortest task,Yes,,Almost Never,Sometimes,Very often,Fairly often,Sometimes,Sometimes,Fairly often,Almost Never,Fairly often,Fairly often,5,Sometimes,3,24,164,70,"Increase physical activity, Improve flexibility / mobility, Manage body weight",Moderately active,6,"Walking, Cycling, Gym / strength training, Yoga",Yes,High-impact activities,"Exercise mat, Dumbbells / weights",31–45 minutes,4,"Lack of motivation, Stress, Lack of facilities / equipment","Improve nutritional quality, Increase protein intake, Increase fruit and vegetable intake",Sri Lankan meals,Non Vegetraian,University cafeteria / canteen,,,,,,,,,,,
03/09/2026 19:28:11,4th Year Undergraduate,Intern/Trainee,Computing,Software Engineering,Declining,Technology/Software,Software Engineer,4,Yes,,4,3,4,4,5,3,2,5,4,Watching Videos,Rarely,Yes,Competition,Member,Yes,"Academic project, Personal project, Volunteer work, Case study / report, Portfolio work","Career recommendation, Course recommendations, Certification recommendations, Project ideas, Internship guidance, Career roadmap",4–5,Less than 5 hours,Late Night,Yes,8 hours,"Job, Clubs / Societies, Social activities",3–5,3,Closest deadline,Yes,,Fairly often,Very often,Very often,Fairly often,Sometimes,Fairly often,Never,Sometimes,Never,Never,8,Always,5,24,150,46,"Improve overall fitness, Increase physical activity, Improve strength, Improve flexibility / mobility, Manage body weight, Maintain current wellbeing",Very inactive,0,"Running / jogging, Cycling, Yoga, Dance / Zumba",No limitations,,No equipment,15–30 minutes,5,"Academic workload, Lack of time, Lack of motivation, Tiredness / lack of sleep, Stress, Lack of knowledge","Maintain healthy eating, Improve nutritional quality, Increase protein intake",Sri Lankan meals,No specific preference,Cook at home,,,,,,,,,,,
03/09/2026 19:28:21,4th Year Undergraduate,Intern/Trainee,Computing,Software Engineering,Improving,Technology/Software,Software Developer,3,Yes,,2,3,2,2,2,2,2,3,2,Reading notes/ articles,Monthly,Yes,"Sports, Clubs and societies, Volunteering","Member, Active Member, Volunteer",Yes,"Academic project, Personal project, Volunteer work","Career recommendation, Skill gap analysis, Project ideas",1–3,11–15 hours,Late Night,Yes,14,"Lectures / Labs, Job, Sports",3–5,3,Closest deadline,Yes,,Sometimes,Sometimes,Very often,Almost Never,Sometimes,Sometimes,Sometimes,Sometimes,Almost Never,Almost Never,7,Always,5,23,156,59,Manage body weight,Lightly active,2,"Walking, Running / jogging, Gym / strength training",Yes,Flexibility / mobility,"Outdoor walking / running area, Exercise mat, Resistance bands, Dumbbells / weights, Gym / fitness centre",46–60 minutes,3,"Lack of motivation, Stress",Manage body weight,Combination of both,Non Vegetraian,University cafeteria / canteen,,,,,,,,,,,
03/09/2026 19:31:47,4th Year Undergraduate,Full-Time Employee,Computing,Information Technology,Improving,Technology/Software,SOC Analyst,5,Not Sure,,5,5,4,3,3,3,5,4,4,Lecturer guidance,Monthly,Yes,"Sports, Clubs and societies","Member, Active Member, Coordinator",Yes,"Academic project, Personal project, Research project, Volunteer work, Business / entrepreneurship activity, Technical / practical work, Laboratory / field work, Case study / report","Career recommendation, Skill gap analysis, Certification recommendations, Interview practice",6–7,5–10 hours,Late Night,No,,Sports,6–8,2,Easiest task,Maybe,,Very often,Fairly often,Very often,Very often,Fairly often,Very often,Fairly often,Very often,Fairly often,Very often,7,Always,5,24,171,72,"Improve overall fitness, Increase physical activity, Improve strength, Manage body weight, Improve sleep",Moderately active,2,"Walking, Running / jogging, Cycling, Gym / strength training",Yes,High-impact activities,"Exercise mat, Resistance bands, Gym / fitness centre, Sports facilities",31–45 minutes,3,"Lack of time, Tiredness / lack of sleep","Maintain healthy eating, Manage body weight",Sri Lankan meals,No specific preference,Cook at home,,,,,,,,,,,
03/09/2026 19:33:23,4th Year Undergraduate,Unemployed,Computing,Information Technology,Stable,Business/Management,Account ,1,No,,3,4,4,3,5,5,4,5,5,Watching Videos,Never,No,,,Planning to start,,"Career recommendation, Project ideas, Internship guidance",1–3,Less than 5 hours,Late Night,No,,"Lectures / Labs, Social activities",3–5,2,Hardest task,Maybe,Time management ,Sometimes,Sometimes,Sometimes,Sometimes,Sometimes,Sometimes,Sometimes,Sometimes,Sometimes,Sometimes,6,Sometimes,2,25,120,48,"Increase physical activity, Manage body weight",Moderately active,3,"Walking, Cycling",Yes,Lower-body movements,"Outdoor walking / running area, Resistance bands",15–30 minutes,3,"Lack of time, Stress",Maintain healthy eating,Sri Lankan meals,Non Vegetraian,Restaurants / takeaway,,,,,,,,,,,
03/09/2026 19:37:51,4th Year Undergraduate,Intern/Trainee,Tourism ,"Events,Tourism & Hospitality Management ",Stable,Tourism /HR,Hotel HR,3,Not Sure,,3,3,3,4,4,4,4,4,4,Reading notes/ articles,Weekly,Yes,"Clubs and societies, Volunteering, Media/Content Creation",President/Captain,Yes,Case study / report,Internship guidance,1–3,Less than 5 hours,Morning,Yes,40 h,Job,1–2,5,Most important task,Maybe,,Sometimes,Sometimes,Almost Never,Sometimes,Sometimes,Sometimes,Sometimes,Almost Never,Sometimes,Sometimes,6h,Sometimes,3,22y ,165,80kg,Improve strength,Lightly active,3,Walking,No limitations,,Outdoor walking / running area,Less than 15 minutes,3,Academic workload,Manage body weight,Combination of both,No specific preference,Cook at home,,,,,,,,,,,
03/09/2026 19:39:08,3rd Year Undergraduate,Intern/Trainee,Computing,Information Technology,Improving,Technology/Software,Engineer,2,No,,2,2,2,2,2,2,2,2,2,Practical/laboratory work,Weekly,Yes,"Sports, Clubs and societies",Member,Yes,"Academic project, Personal project","Career recommendation, Skill gap analysis, Career roadmap",4–5,5–10 hours,Late Night,Yes,60,Lectures / Labs,3–5,5,Closest deadline,Yes,Internet problem,Almost Never,Almost Never,Almost Never,Almost Never,Almost Never,Almost Never,Almost Never,Almost Never,Almost Never,Almost Never,6,Always,3,23,178,70,Improve flexibility / mobility,Lightly active,2,"Walking, Running / jogging",No limitations,,Outdoor walking / running area,15–30 minutes,3,Lack of time,Increase protein intake,Sri Lankan meals,Non Vegetraian,Restaurants / takeaway,,,,,,,,,,,
03/09/2026 19:43:13,3rd Year Undergraduate,Fresh Graduate,Sciene,Statistics,Stable,Research/Academia,"Data Analyst, Statistic Researcher",4,Yes,Academia,5,5,5,5,5,4,4,5,5,Practical/laboratory work,Monthly,Yes,"Clubs and societies, Volunteering, Student leadership, Academic societies","Member, Active Member, Coordinator, Team leader, Organiser",No,,"Career recommendation, Skill gap analysis, Certification recommendations, Project ideas, Portfolio guidance, Internship guidance, Career roadmap",6–7,5–10 hours,Morning,No,,"Clubs / Societies, Family responsibilities, Social activities",3–5,4,Hardest task,Yes,,Sometimes,Sometimes,Fairly often,Fairly often,Fairly often,Almost Never,Fairly often,Fairly often,Sometimes,Sometimes,5,Rarely,4,22,163,63,"Increase physical activity, Improve flexibility / mobility, Manage body weight",Lightly active,1,"Walking, Running / jogging, Home workouts, Yoga, Stretching / mobility",No limitations,,"Outdoor walking / running area, Gym / fitness centre",31–45 minutes,3,"Academic workload, Lack of time, Lack of motivation","Maintain healthy eating, Manage body weight",Combination of both,Non Vegetraian,Combination,,,,,,,,,,,
03/09/2026 19:43:34,4th Year Undergraduate,Full-Time Employee,Computing,Information Technology,Improving,Data/Analytics,Software ,4,Yes,,3,3,3,3,3,3,3,3,3,Group discussions,Daily,Yes,"Sports, Clubs and societies, Competition, Student leadership","Active Member, Team leader",Currently following/working on one,"Academic project, Business / entrepreneurship activity, Technical / practical work","Project ideas, Interview practice, CV guidance",1–3,Less than 5 hours,Evening,Yes,40,"Sports, Travel",1–2,5,Easiest task,Maybe,,Sometimes,Sometimes,Sometimes,Sometimes,Never,Sometimes,Never,Sometimes,Sometimes,Never,8,Often,2,29,180,50,"Improve strength, Improve sleep",Lightly active,0,Walking,No limitations,,"Exercise mat, Dumbbells / weights",31–45 minutes,3,"Lack of time, Stress","Improve nutritional quality, Support fitness",Sri Lankan meals,No specific preference,Family-prepared meals,,,,,,,,,,,
03/09/2026 19:45:13,2nd Year Undergraduate,Intern/Trainee,Computing,Psycology,Stable,Healthcare/Medicine,Accountant ,1,Not Sure,,3,3,3,3,3,3,3,3,3,Reading notes/ articles,Weekly,Yes,"Sports, Clubs and societies, Volunteering, Competition, Debating/Public Speaking, Media/Content Creation, Religious/social service activities, Technical communities, Academic societies","Member, Active Member, Secretary/Treasurer, President/Captain, Organiser, Volunteer",Yes,"Academic project, Personal project, Research project, Volunteer work, Business / entrepreneurship activity","Skill gap analysis, Course recommendations, Certification recommendations, Project ideas, Portfolio guidance, Interview practice, CV guidance",4–5,5–10 hours,Morning,No,,"Lectures / Labs, Job, Sports, Clubs / Societies, Family responsibilities",3–5,3,Most important task,No,,Fairly often,Fairly often,Fairly often,Fairly often,Fairly often,Fairly often,Fairly often,Sometimes,Fairly often,Fairly often,6,Sometimes,3,20,165,60,"Improve overall fitness, Increase physical activity, Improve strength",Lightly active,3,"Walking, Gym / strength training, Sports",No limitations,,"No equipment, Outdoor walking / running area, Dumbbells / weights",31–45 minutes,3,"Lack of time, Stress, Lack of facilities / equipment","Maintain healthy eating, Manage body weight, Improve nutritional quality",Combination of both,No specific preference,Combination,,,,,,,,,,,
03/09/2026 19:52:55,1st Year Undergraduate,Fresh Graduate,Computing,Software Engineering,Improving,Education/Teaching,Teacher,4,Not Sure,,3,3,3,4,4,2,3,3,4,Group discussions,Weekly,Yes,"Competition, Student leadership, Religious/social service activities","Coordinator, President/Captain, Volunteer",Yes,"Research project, Business / entrepreneurship activity, Technical / practical work, Case study / report, Portfolio work","Course recommendations, Certification recommendations, Interview practice, Internship guidance",4–5,16–20 hours,Late Night,Yes,60,Clubs / Societies,6–8,2,Task I like most,No,,Almost Never,Sometimes,Sometimes,Sometimes,Almost Never,Sometimes,Sometimes,Sometimes,Sometimes,Sometimes,6,Sometimes,2,26,160,60,Improve flexibility / mobility,Moderately active,4,"Cycling, Home workouts, Gym / strength training",Yes,High-impact activities,Resistance bands,31–45 minutes,2,Lack of time,"Manage body weight, Increase protein intake",International meals,Non Vegetraian,Combination,,,,,,,,,,,
03/09/2026 19:57:47,1st Year Undergraduate,Full-Time Employee,Computing,Nursing/Health Sciences,Improving,Technology/Software,Accountant,4,Not Sure,,2,3,3,3,2,2,1,1,1,Online courses,Never,Yes,"Clubs and societies, Debating/Public Speaking, Media/Content Creation, Academic societies","Coordinator, President/Captain",No,,"Skill gap analysis, Interview practice",4–5,11–15 hours,Evening,No,,"Job, Social activities",3–5,3,Task I like most,No,Word count,Almost Never,Sometimes,Fairly often,Very often,Fairly often,Sometimes,Almost Never,Never,Almost Never,Sometimes,12,Sometimes,4,22,150,50,Manage body weight,Lightly active,7,Cycling,No limitations,,"No equipment, Resistance bands",Less than 15 minutes,4,Lack of motivation,Maintain healthy eating,Sri Lankan meals,Vegetarian,Family-prepared meals,,,,,,,,,,,
03/09/2026 20:08:52,4th Year Undergraduate,Full-Time Employee,Computing,Data Science ,Declining,Data/Analytics,Data Analyst ,3,No,,2,2,2,2,3,1,2,2,2,Watching Videos,Rarely,No,,,Planning to start,,"Skill gap analysis, Certification recommendations, Career roadmap",1–3,Less than 5 hours,Morning,Yes,8,Job,6–8,5,Hardest task,Yes,Laziness ,Sometimes,Never,Almost Never,Never,Never,Sometimes,Almost Never,Sometimes,Sometimes,Almost Never,7,Sometimes,4,23,159,78,Improve overall fitness,Very inactive,0,Gym / strength training,No limitations,,Gym / fitness centre,46–60 minutes,1,"Academic workload, Lack of motivation, Tiredness / lack of sleep","Maintain healthy eating, Manage body weight, Support fitness",Combination of both,No specific preference,University cafeteria / canteen,,,,,,,,,,,
03/09/2026 20:33:56,3rd Year Undergraduate,Full-Time Employee,Education,Marketing Management,Improving,Technology/Software,Nurse,3,Not Sure,,1,2,3,4,5,4,3,2,2,Group discussions,Never,No,,,No,,Internship guidance,6–7,16–20 hours,Late Night,Yes,60,Sports,6–8,4,Task I like most,No,,Almost Never,Almost Never,Almost Never,Sometimes,Sometimes,Sometimes,Almost Never,Almost Never,Almost Never,Almost Never,2,Often,2,22,104,50,"Improve strength, Manage body weight",Highly active,7,Stretching / mobility,Prefer not to say,,"Dumbbells / weights, Sports facilities",46–60 minutes,4,"Lack of time, Tiredness / lack of sleep","Increase protein intake, Support fitness",Sri Lankan meals,Non Vegetraian,Combination,,,,,,,,,,,
03/09/2026 20:35:30,1st Year Undergraduate,Full-Time Employee,Sciene,Accounting and Finance,Declining,Design/Creative Industry,Software Engineer,4,No,,2,2,2,2,2,3,3,2,3,Lecturer guidance,Rarely,Yes,"Competition, Media/Content Creation","Coordinator, Volunteer",No,,"Career recommendation, Certification recommendations, Internship guidance",4–5,11–15 hours,Afternoon,Yes,40,Family responsibilities,3–5,2,Shortest task,Yes,,Almost Never,Almost Never,Almost Never,Almost Never,Sometimes,Sometimes,Almost Never,Sometimes,Sometimes,Almost Never,5,Sometimes,3,24,150,55,"Improve strength, Manage body weight",Highly active,5,"Cycling, Gym / strength training",No limitations,,Sports facilities,15–30 minutes,2,"Lack of motivation, Lack of knowledge","Improve nutritional quality, Support fitness",Sri Lankan meals,Non Vegetraian,Combination,,,,,,,,,,,
03/09/2026 20:37:15,1st Year Undergraduate,Full-Time Employee,Cyber Security ,Cyber security ,Not sure/Too early to tell,Cyber Security ,Cyber security Officer,4,No,,3,3,3,4,4,4,4,4,4,Practical/laboratory work,Monthly,Yes,"Sports, Clubs and societies, Media/Content Creation",Member,Yes,"Technical / practical work, Laboratory / field work","Career recommendation, Skill gap analysis, Course recommendations, Certification recommendations, Project ideas, Career roadmap",1–3,Less than 5 hours,Morning,Yes,40,"Job, Family responsibilities, Travel",1–2,4,Closest deadline,Yes,,Sometimes,Fairly often,Sometimes,Fairly often,Fairly often,Almost Never,Sometimes,Almost Never,Sometimes,Sometimes,7,Rarely,4,22,180,70,"Improve overall fitness, Increase physical activity, Improve strength, Improve flexibility / mobility, Improve sleep, Sports",Lightly active,1,Sports,No limitations,,"Outdoor walking / running area, Dumbbells / weights",Less than 15 minutes,5,Lack of time,"Maintain healthy eating, Improve nutritional quality, Increase protein intake, Increase fruit and vegetable intake",Sri Lankan meals,No specific preference,Combination,,,,,,,,,,,
03/09/2026 20:37:25,3rd Year Undergraduate,Unemployed,Computing,Civil Engineering,Improving,Law/Legal,Software,4,Yes,gamig,3,3,2,2,2,2,3,3,3,Practising with projects,Weekly,Yes,Clubs and societies,Coordinator,No,,Project ideas,4–5,11–15 hours,Late Night,Yes,40,Clubs / Societies,6–8,2,Most important task,Yes,,Almost Never,Almost Never,Almost Never,Almost Never,Almost Never,Fairly often,Fairly often,Fairly often,Fairly often,Fairly often,4,Always,3,22,150,50,Improve flexibility / mobility,Lightly active,7,"Dance / Zumba, ",Yes,Lower-body movements,Resistance bands,31–45 minutes,3,Lack of time,Maintain healthy eating,International meals,Non Vegetraian,Cook at home,,,,,,,,,,,
03/09/2026 20:38:39,1st Year Undergraduate,Intern/Trainee,Computing,Software Engineering,Improving,Technology/Software,Software engineer ,1,No,,5,5,4,4,3,3,3,3,3,Watching Videos,Weekly,Yes,Sports,Member,Yes,Academic project,"Career recommendation, Skill gap analysis, Course recommendations",4–5,5–10 hours,Evening,Yes,8,Lectures / Labs,3–5,2,Closest deadline,Yes,"Giving more assignments to
Shortest deadline ",Sometimes,Sometimes,Sometimes,Sometimes,Sometimes,Sometimes,Sometimes,Sometimes,Sometimes,Sometimes,6,Often,3,27,140,60,Improve overall fitness,Moderately active,0,Walking,No limitations,,Outdoor walking / running area,15–30 minutes,2,Lack of time,Manage body weight,International meals,Non Vegetraian,Cook at home,,,,,,,,,,,
03/09/2026 20:41:19,3rd Year Undergraduate,Unemployed,Sciene,Psycology,Improving,Finance/Accounting,football,2,Yes,-,2,2,3,2,2,2,2,3,2,Reading notes/ articles,Weekly,Yes,Sports,Coordinator,Yes,Academic project,Career recommendation,4–5,5–10 hours,Evening,Yes,50,Job,6–8,2,Easiest task,Yes,,Almost Never,Sometimes,Fairly often,Very often,Fairly often,Fairly often,Fairly often,Fairly often,Fairly often,Sometimes,10,Often,3,30,150,62,Manage body weight,Moderately active,0,"Yoga, Stretching / mobility",No limitations,,No equipment,15–30 minutes,5,Tiredness / lack of sleep,Increase protein intake,Sri Lankan meals,Non Vegetraian,Family-prepared meals,,,,,,,,,,,
03/09/2026 20:41:22,1st Year Undergraduate,Unemployed,Design/Creative Studies,Software Engineering,Stable,Technology/Software,Accountant,2,Yes,law,2,2,2,2,3,2,3,3,3,Lecturer guidance,Monthly,Yes,Student leadership,Active Member,Yes,Volunteer work,Skill gap analysis,4–5,11–15 hours,Afternoon,Yes,40,Job,6–8,2,Easiest task,No,,Almost Never,Sometimes,Almost Never,Almost Never,Almost Never,Almost Never,Sometimes,Almost Never,Almost Never,Almost Never,6,Sometimes,3,60,140,60,"Improve sleep, Maintain current wellbeing",Very active,1,Cycling,No limitations,,Outdoor walking / running area,Less than 15 minutes,4,Academic workload,Maintain healthy eating,International meals,Vegetarian,Restaurants / takeaway,,,,,,,,,,,
03/09/2026 20:41:58,3rd Year Undergraduate,Intern/Trainee,Computing,Data Science ,Declining,Data/Analytics,Data engineer,3,Yes,Astronomy,4,3,4,3,4,3,4,3,3,Watching Videos,Rarely,Yes,Sports,Member,Currently following/working on one,"Academic project, Personal project","Career recommendation, Skill gap analysis, Certification recommendations",4–5,5–10 hours,Late Night,Yes,40,"Lectures / Labs, Job, Sports, Family responsibilities, Travel",3–5,5,Closest deadline,Yes,,Very often,Fairly often,Very often,Sometimes,Sometimes,Fairly often,Sometimes,Fairly often,Sometimes,Sometimes,5,Sometimes,4,23,165,70,"Improve overall fitness, Increase physical activity, Improve strength, Improve flexibility / mobility, Manage body weight, Improve sleep",Moderately active,2,"Walking, Home workouts, Gym / strength training, Stretching / mobility, Sports",No limitations,,"Outdoor walking / running area, Exercise mat, Dumbbells / weights, Sports facilities",15–30 minutes,5,"Academic workload, Lack of time, Stress, Lack of facilities / equipment, Cost","Maintain healthy eating, Manage body weight, Increase protein intake",Combination of both,Non Vegetraian,Cook at home,,,,,,,,,,,
03/09/2026 20:47:52,4th Year Undergraduate,Intern/Trainee,Computing,Software Engineering,Declining,Technology/Software,Software Engineer,4,Not Sure,,5,4,4,4,4,4,4,4,4,Something mix of everything with self study,Monthly,Yes,"Volunteering, Competition, Debating/Public Speaking, Media/Content Creation, Student leadership, Technical communities","Member, Active Member, Coordinator, Team leader, Volunteer",Currently following/working on one,"Academic project, Personal project, Research project, Volunteer work, Technical / practical work","Interview practice, CV guidance, Internship guidance",1–3,5–10 hours,Late Night,Yes,45,"Lectures / Labs, Job, Family responsibilities",3–5,2,No clear method,Maybe,,Sometimes,Fairly often,Very often,Fairly often,Sometimes,Sometimes,Sometimes,Sometimes,Fairly often,Fairly often,4 - 5,Always,3,22,160,63,"Improve overall fitness, Increase physical activity, Improve strength",Lightly active,3,Walking,Prefer not to say,,Outdoor walking / running area,Less than 15 minutes,4,"Academic workload, Lack of time, Tiredness / lack of sleep, Stress","Maintain healthy eating, Manage body weight, Improve nutritional quality, Increase protein intake, Increase fruit and vegetable intake",Combination of both,Non Vegetraian,Combination,,,,,,,,,,,
03/09/2026 20:50:00,1st Year Undergraduate,Unemployed,Education,Business Management,Not sure/Too early to tell,Business/Management,Bank Manager,4,No,,4,4,5,4,5,3,3,3,3,Group discussions,Weekly,No,,,No,,"Skill gap analysis, Course recommendations, Certification recommendations",4–5,5–10 hours,Afternoon,Yes,40,"Lectures / Labs, Job, Family responsibilities",3–5,3,Closest deadline,Yes,,Fairly often,Sometimes,Fairly often,Fairly often,Fairly often,Sometimes,Sometimes,Sometimes,Sometimes,Fairly often,5,Sometimes,3,24,165,67,"Improve overall fitness, Increase physical activity",Very inactive,0,Walking,Prefer not to say,,No equipment,15–30 minutes,3,Academic workload,Maintain healthy eating,Combination of both,No specific preference,Cook at home,,,,,,,,,,,
03/09/2026 20:54:00,4th Year Undergraduate,Intern/Trainee,Computing,Software Engineering,Stable,Technology/Software,Software engineer ,4,No,,5,4,4,5,5,3,4,3,4,Practising with projects,Weekly,No,,,Currently following/working on one,"Academic project, Personal project","Career recommendation, Skill gap analysis, Interview practice, CV guidance, Internship guidance",6–7,11–15 hours,Morning,Yes,40,"Lectures / Labs, Job",3–5,3,Closest deadline,Yes,,Sometimes,Fairly often,Sometimes,Sometimes,Almost Never,Fairly often,Sometimes,Sometimes,Sometimes,Sometimes,6,Often,2,26,168,59,Improve overall fitness,Moderately active,3,"Walking, Home workouts, Dance / Zumba",No limitations,,"Outdoor walking / running area, Gym / fitness centre",46–60 minutes,4,"Academic workload, Lack of motivation, Tiredness / lack of sleep, Stress","Maintain healthy eating, Manage body weight",Combination of both,Non Vegetraian,Restaurants / takeaway,,,,,,,,,,,
03/09/2026 20:59:22,1st Year Undergraduate,Intern/Trainee,Health Science/Medicine,Nursing/Health Sciences,Improving,Business/Management,software Engineer,2,Yes,lawyer,2,2,3,4,3,3,3,4,2,Practising with projects,Weekly,Yes,Competition,Coordinator,No,,Certification recommendations,4–5,5–10 hours,Afternoon,Yes,90,Travel,3–5,1,Closest deadline,No,time,Almost Never,Fairly often,Very often,Fairly often,Sometimes,Sometimes,Sometimes,Sometimes,Almost Never,Almost Never,5,Sometimes,2,25,150,60,Improve flexibility / mobility,Lightly active,0,Stretching / mobility,No limitations,,Exercise mat,46–60 minutes,2,Lack of motivation,Increase protein intake,Sri Lankan meals,Non Vegetraian,University cafeteria / canteen,,,,,,,,,,,
03/09/2026 20:59:24,1st Year Undergraduate,Intern/Trainee,Health Science/Medicine,Nursing/Health Sciences,Improving,Business/Management,software Engineer,2,Yes,lawyer,2,2,3,4,3,3,3,4,2,Practising with projects,Weekly,Yes,Competition,Coordinator,No,,Certification recommendations,4–5,5–10 hours,Afternoon,Yes,90,Travel,3–5,1,Closest deadline,No,time,Almost Never,Fairly often,Very often,Fairly often,Sometimes,Sometimes,Sometimes,Sometimes,Almost Never,Almost Never,5,Sometimes,2,25,150,60,Improve flexibility / mobility,Lightly active,0,Stretching / mobility,No limitations,,Exercise mat,46–60 minutes,2,Lack of motivation,Increase protein intake,Sri Lankan meals,Non Vegetraian,University cafeteria / canteen,,,,,,,,,,,
03/09/2026 20:59:25,1st Year Undergraduate,Intern/Trainee,Health Science/Medicine,Nursing/Health Sciences,Improving,Business/Management,software Engineer,2,Yes,lawyer,2,2,3,4,3,3,3,4,2,Practising with projects,Weekly,Yes,Competition,Coordinator,No,,Certification recommendations,4–5,5–10 hours,Afternoon,Yes,90,Travel,3–5,1,Closest deadline,No,time,Almost Never,Fairly often,Very often,Fairly often,Sometimes,Sometimes,Sometimes,Sometimes,Almost Never,Almost Never,5,Sometimes,2,25,150,60,Improve flexibility / mobility,Lightly active,0,Stretching / mobility,No limitations,,Exercise mat,46–60 minutes,2,Lack of motivation,Increase protein intake,Sri Lankan meals,Non Vegetraian,University cafeteria / canteen,,,,,,,,,,,
03/09/2026 20:59:27,1st Year Undergraduate,Intern/Trainee,Health Science/Medicine,Nursing/Health Sciences,Improving,Business/Management,software Engineer,2,Yes,lawyer,2,2,3,4,3,3,3,4,2,Practising with projects,Weekly,Yes,Competition,Coordinator,No,,Certification recommendations,4–5,5–10 hours,Afternoon,Yes,90,Travel,3–5,1,Closest deadline,No,time,Almost Never,Fairly often,Very often,Fairly often,Sometimes,Sometimes,Sometimes,Sometimes,Almost Never,Almost Never,5,Sometimes,2,25,150,60,Improve flexibility / mobility,Lightly active,0,Stretching / mobility,No limitations,,Exercise mat,46–60 minutes,2,Lack of motivation,Increase protein intake,Sri Lankan meals,Non Vegetraian,University cafeteria / canteen,,,,,,,,,,,
03/09/2026 20:59:29,1st Year Undergraduate,Intern/Trainee,Health Science/Medicine,Nursing/Health Sciences,Improving,Business/Management,software Engineer,2,Yes,lawyer,2,2,3,4,3,3,3,4,2,Practising with projects,Weekly,Yes,Competition,Coordinator,No,,Certification recommendations,4–5,5–10 hours,Afternoon,Yes,90,Travel,3–5,1,Closest deadline,No,time,Almost Never,Fairly often,Very often,Fairly often,Sometimes,Sometimes,Sometimes,Sometimes,Almost Never,Almost Never,5,Sometimes,2,25,150,60,Improve flexibility / mobility,Lightly active,0,Stretching / mobility,No limitations,,Exercise mat,46–60 minutes,2,Lack of motivation,Increase protein intake,Sri Lankan meals,Non Vegetraian,University cafeteria / canteen,,,,,,,,,,,
03/09/2026 20:59:30,1st Year Undergraduate,Intern/Trainee,Health Science/Medicine,Nursing/Health Sciences,Improving,Business/Management,software Engineer,2,Yes,lawyer,2,2,3,4,3,3,3,4,2,Practising with projects,Weekly,Yes,Competition,Coordinator,No,,Certification recommendations,4–5,5–10 hours,Afternoon,Yes,90,Travel,3–5,1,Closest deadline,No,time,Almost Never,Fairly often,Very often,Fairly often,Sometimes,Sometimes,Sometimes,Sometimes,Almost Never,Almost Never,5,Sometimes,2,25,150,60,Improve flexibility / mobility,Lightly active,0,Stretching / mobility,No limitations,,Exercise mat,46–60 minutes,2,Lack of motivation,Increase protein intake,Sri Lankan meals,Non Vegetraian,University cafeteria / canteen,,,,,,,,,,,
03/09/2026 20:59:32,1st Year Undergraduate,Intern/Trainee,Health Science/Medicine,Nursing/Health Sciences,Improving,Business/Management,software Engineer,2,Yes,lawyer,2,2,3,4,3,3,3,4,2,Practising with projects,Weekly,Yes,Competition,Coordinator,No,,Certification recommendations,4–5,5–10 hours,Afternoon,Yes,90,Travel,3–5,1,Closest deadline,No,time,Almost Never,Fairly often,Very often,Fairly often,Sometimes,Sometimes,Sometimes,Sometimes,Almost Never,Almost Never,5,Sometimes,2,25,150,60,Improve flexibility / mobility,Lightly active,0,Stretching / mobility,No limitations,,Exercise mat,46–60 minutes,2,Lack of motivation,Increase protein intake,Sri Lankan meals,Non Vegetraian,University cafeteria / canteen,,,,,,,,,,,
03/09/2026 20:59:34,1st Year Undergraduate,Intern/Trainee,Health Science/Medicine,Nursing/Health Sciences,Improving,Business/Management,software Engineer,2,Yes,lawyer,2,2,3,4,3,3,3,4,2,Practising with projects,Weekly,Yes,Competition,Coordinator,No,,Certification recommendations,4–5,5–10 hours,Afternoon,Yes,90,Travel,3–5,1,Closest deadline,No,time,Almost Never,Fairly often,Very often,Fairly often,Sometimes,Sometimes,Sometimes,Sometimes,Almost Never,Almost Never,5,Sometimes,2,25,150,60,Improve flexibility / mobility,Lightly active,0,Stretching / mobility,No limitations,,Exercise mat,46–60 minutes,2,Lack of motivation,Increase protein intake,Sri Lankan meals,Non Vegetraian,University cafeteria / canteen,,,,,,,,,,,
03/09/2026 20:59:35,1st Year Undergraduate,Intern/Trainee,Health Science/Medicine,Nursing/Health Sciences,Improving,Business/Management,software Engineer,2,Yes,lawyer,2,2,3,4,3,3,3,4,2,Practising with projects,Weekly,Yes,Competition,Coordinator,No,,Certification recommendations,4–5,5–10 hours,Afternoon,Yes,90,Travel,3–5,1,Closest deadline,No,time,Almost Never,Fairly often,Very often,Fairly often,Sometimes,Sometimes,Sometimes,Sometimes,Almost Never,Almost Never,5,Sometimes,2,25,150,60,Improve flexibility / mobility,Lightly active,0,Stretching / mobility,No limitations,,Exercise mat,46–60 minutes,2,Lack of motivation,Increase protein intake,Sri Lankan meals,Non Vegetraian,University cafeteria / canteen,,,,,,,,,,,
03/09/2026 20:59:37,1st Year Undergraduate,Intern/Trainee,Health Science/Medicine,Nursing/Health Sciences,Improving,Business/Management,software Engineer,2,Yes,lawyer,2,2,3,4,3,3,3,4,2,Practising with projects,Weekly,Yes,Competition,Coordinator,No,,Certification recommendations,4–5,5–10 hours,Afternoon,Yes,90,Travel,3–5,1,Closest deadline,No,time,Almost Never,Fairly often,Very often,Fairly often,Sometimes,Sometimes,Sometimes,Sometimes,Almost Never,Almost Never,5,Sometimes,2,25,150,60,Improve flexibility / mobility,Lightly active,0,Stretching / mobility,No limitations,,Exercise mat,46–60 minutes,2,Lack of motivation,Increase protein intake,Sri Lankan meals,Non Vegetraian,University cafeteria / canteen,,,,,,,,,,,
03/09/2026 20:59:39,1st Year Undergraduate,Intern/Trainee,Health Science/Medicine,Nursing/Health Sciences,Improving,Business/Management,software Engineer,2,Yes,lawyer,2,2,3,4,3,3,3,4,2,Practising with projects,Weekly,Yes,Competition,Coordinator,No,,Certification recommendations,4–5,5–10 hours,Afternoon,Yes,90,Travel,3–5,1,Closest deadline,No,time,Almost Never,Fairly often,Very often,Fairly often,Sometimes,Sometimes,Sometimes,Sometimes,Almost Never,Almost Never,5,Sometimes,2,25,150,60,Improve flexibility / mobility,Lightly active,0,Stretching / mobility,No limitations,,Exercise mat,46–60 minutes,2,Lack of motivation,Increase protein intake,Sri Lankan meals,Non Vegetraian,University cafeteria / canteen,,,,,,,,,,,
03/09/2026 20:59:41,1st Year Undergraduate,Intern/Trainee,Health Science/Medicine,Nursing/Health Sciences,Improving,Business/Management,software Engineer,2,Yes,lawyer,2,2,3,4,3,3,3,4,2,Practising with projects,Weekly,Yes,Competition,Coordinator,No,,Certification recommendations,4–5,5–10 hours,Afternoon,Yes,90,Travel,3–5,1,Closest deadline,No,time,Almost Never,Fairly often,Very often,Fairly often,Sometimes,Sometimes,Sometimes,Sometimes,Almost Never,Almost Never,5,Sometimes,2,25,150,60,Improve flexibility / mobility,Lightly active,0,Stretching / mobility,No limitations,,Exercise mat,46–60 minutes,2,Lack of motivation,Increase protein intake,Sri Lankan meals,Non Vegetraian,University cafeteria / canteen,,,,,,,,,,,
03/09/2026 20:59:42,1st Year Undergraduate,Intern/Trainee,Health Science/Medicine,Nursing/Health Sciences,Improving,Business/Management,software Engineer,2,Yes,lawyer,2,2,3,4,3,3,3,4,2,Practising with projects,Weekly,Yes,Competition,Coordinator,No,,Certification recommendations,4–5,5–10 hours,Afternoon,Yes,90,Travel,3–5,1,Closest deadline,No,time,Almost Never,Fairly often,Very often,Fairly often,Sometimes,Sometimes,Sometimes,Sometimes,Almost Never,Almost Never,5,Sometimes,2,25,150,60,Improve flexibility / mobility,Lightly active,0,Stretching / mobility,No limitations,,Exercise mat,46–60 minutes,2,Lack of motivation,Increase protein intake,Sri Lankan meals,Non Vegetraian,University cafeteria / canteen,,,,,,,,,,,
03/09/2026 20:59:44,1st Year Undergraduate,Intern/Trainee,Health Science/Medicine,Nursing/Health Sciences,Improving,Business/Management,software Engineer,2,Yes,lawyer,2,2,3,4,3,3,3,4,2,Practising with projects,Weekly,Yes,Competition,Coordinator,No,,Certification recommendations,4–5,5–10 hours,Afternoon,Yes,90,Travel,3–5,1,Closest deadline,No,time,Almost Never,Fairly often,Very often,Fairly often,Sometimes,Sometimes,Sometimes,Sometimes,Almost Never,Almost Never,5,Sometimes,2,25,150,60,Improve flexibility / mobility,Lightly active,0,Stretching / mobility,No limitations,,Exercise mat,46–60 minutes,2,Lack of motivation,Increase protein intake,Sri Lankan meals,Non Vegetraian,University cafeteria / canteen,,,,,,,,,,,
03/09/2026 20:59:46,1st Year Undergraduate,Intern/Trainee,Health Science/Medicine,Nursing/Health Sciences,Improving,Business/Management,software Engineer,2,Yes,lawyer,2,2,3,4,3,3,3,4,2,Practising with projects,Weekly,Yes,Competition,Coordinator,No,,Certification recommendations,4–5,5–10 hours,Afternoon,Yes,90,Travel,3–5,1,Closest deadline,No,time,Almost Never,Fairly often,Very often,Fairly often,Sometimes,Sometimes,Sometimes,Sometimes,Almost Never,Almost Never,5,Sometimes,2,25,150,60,Improve flexibility / mobility,Lightly active,0,Stretching / mobility,No limitations,,Exercise mat,46–60 minutes,2,Lack of motivation,Increase protein intake,Sri Lankan meals,Non Vegetraian,University cafeteria / canteen,,,,,,,,,,,
03/09/2026 20:59:47,1st Year Undergraduate,Intern/Trainee,Health Science/Medicine,Nursing/Health Sciences,Improving,Business/Management,software Engineer,2,Yes,lawyer,2,2,3,4,3,3,3,4,2,Practising with projects,Weekly,Yes,Competition,Coordinator,No,,Certification recommendations,4–5,5–10 hours,Afternoon,Yes,90,Travel,3–5,1,Closest deadline,No,time,Almost Never,Fairly often,Very often,Fairly often,Sometimes,Sometimes,Sometimes,Sometimes,Almost Never,Almost Never,5,Sometimes,2,25,150,60,Improve flexibility / mobility,Lightly active,0,Stretching / mobility,No limitations,,Exercise mat,46–60 minutes,2,Lack of motivation,Increase protein intake,Sri Lankan meals,Non Vegetraian,University cafeteria / canteen,,,,,,,,,,,
03/09/2026 20:59:49,1st Year Undergraduate,Intern/Trainee,Health Science/Medicine,Nursing/Health Sciences,Improving,Business/Management,software Engineer,2,Yes,lawyer,2,2,3,4,3,3,3,4,2,Practising with projects,Weekly,Yes,Competition,Coordinator,No,,Certification recommendations,4–5,5–10 hours,Afternoon,Yes,90,Travel,3–5,1,Closest deadline,No,time,Almost Never,Fairly often,Very often,Fairly often,Sometimes,Sometimes,Sometimes,Sometimes,Almost Never,Almost Never,5,Sometimes,2,25,150,60,Improve flexibility / mobility,Lightly active,0,Stretching / mobility,No limitations,,Exercise mat,46–60 minutes,2,Lack of motivation,Increase protein intake,Sri Lankan meals,Non Vegetraian,University cafeteria / canteen,,,,,,,,,,,
03/09/2026 20:59:51,1st Year Undergraduate,Intern/Trainee,Health Science/Medicine,Nursing/Health Sciences,Improving,Business/Management,software Engineer,2,Yes,lawyer,2,2,3,4,3,3,3,4,2,Practising with projects,Weekly,Yes,Competition,Coordinator,No,,Certification recommendations,4–5,5–10 hours,Afternoon,Yes,90,Travel,3–5,1,Closest deadline,No,time,Almost Never,Fairly often,Very often,Fairly often,Sometimes,Sometimes,Sometimes,Sometimes,Almost Never,Almost Never,5,Sometimes,2,25,150,60,Improve flexibility / mobility,Lightly active,0,Stretching / mobility,No limitations,,Exercise mat,46–60 minutes,2,Lack of motivation,Increase protein intake,Sri Lankan meals,Non Vegetraian,University cafeteria / canteen,,,,,,,,,,,
03/09/2026 20:59:52,1st Year Undergraduate,Intern/Trainee,Health Science/Medicine,Nursing/Health Sciences,Improving,Business/Management,software Engineer,2,Yes,lawyer,2,2,3,4,3,3,3,4,2,Practising with projects,Weekly,Yes,Competition,Coordinator,No,,Certification recommendations,4–5,5–10 hours,Afternoon,Yes,90,Travel,3–5,1,Closest deadline,No,time,Almost Never,Fairly often,Very often,Fairly often,Sometimes,Sometimes,Sometimes,Sometimes,Almost Never,Almost Never,5,Sometimes,2,25,150,60,Improve flexibility / mobility,Lightly active,0,Stretching / mobility,No limitations,,Exercise mat,46–60 minutes,2,Lack of motivation,Increase protein intake,Sri Lankan meals,Non Vegetraian,University cafeteria / canteen,,,,,,,,,,,
03/09/2026 20:59:54,1st Year Undergraduate,Intern/Trainee,Health Science/Medicine,Nursing/Health Sciences,Improving,Business/Management,software Engineer,2,Yes,lawyer,2,2,3,4,3,3,3,4,2,Practising with projects,Weekly,Yes,Competition,Coordinator,No,,Certification recommendations,4–5,5–10 hours,Afternoon,Yes,90,Travel,3–5,1,Closest deadline,No,time,Almost Never,Fairly often,Very often,Fairly often,Sometimes,Sometimes,Sometimes,Sometimes,Almost Never,Almost Never,5,Sometimes,2,25,150,60,Improve flexibility / mobility,Lightly active,0,Stretching / mobility,No limitations,,Exercise mat,46–60 minutes,2,Lack of motivation,Increase protein intake,Sri Lankan meals,Non Vegetraian,University cafeteria / canteen,,,,,,,,,,,
03/09/2026 20:59:56,1st Year Undergraduate,Intern/Trainee,Health Science/Medicine,Nursing/Health Sciences,Improving,Business/Management,software Engineer,2,Yes,lawyer,2,2,3,4,3,3,3,4,2,Practising with projects,Weekly,Yes,Competition,Coordinator,No,,Certification recommendations,4–5,5–10 hours,Afternoon,Yes,90,Travel,3–5,1,Closest deadline,No,time,Almost Never,Fairly often,Very often,Fairly often,Sometimes,Sometimes,Sometimes,Sometimes,Almost Never,Almost Never,5,Sometimes,2,25,150,60,Improve flexibility / mobility,Lightly active,0,Stretching / mobility,No limitations,,Exercise mat,46–60 minutes,2,Lack of motivation,Increase protein intake,Sri Lankan meals,Non Vegetraian,University cafeteria / canteen,,,,,,,,,,,
03/09/2026 20:59:58,1st Year Undergraduate,Intern/Trainee,Health Science/Medicine,Nursing/Health Sciences,Improving,Business/Management,software Engineer,2,Yes,lawyer,2,2,3,4,3,3,3,4,2,Practising with projects,Weekly,Yes,Competition,Coordinator,No,,Certification recommendations,4–5,5–10 hours,Afternoon,Yes,90,Travel,3–5,1,Closest deadline,No,time,Almost Never,Fairly often,Very often,Fairly often,Sometimes,Sometimes,Sometimes,Sometimes,Almost Never,Almost Never,5,Sometimes,2,25,150,60,Improve flexibility / mobility,Lightly active,0,Stretching / mobility,No limitations,,Exercise mat,46–60 minutes,2,Lack of motivation,Increase protein intake,Sri Lankan meals,Non Vegetraian,University cafeteria / canteen,,,,,,,,,,,
03/09/2026 20:59:59,1st Year Undergraduate,Intern/Trainee,Health Science/Medicine,Nursing/Health Sciences,Improving,Business/Management,software Engineer,2,Yes,lawyer,2,2,3,4,3,3,3,4,2,Practising with projects,Weekly,Yes,Competition,Coordinator,No,,Certification recommendations,4–5,5–10 hours,Afternoon,Yes,90,Travel,3–5,1,Closest deadline,No,time,Almost Never,Fairly often,Very often,Fairly often,Sometimes,Sometimes,Sometimes,Sometimes,Almost Never,Almost Never,5,Sometimes,2,25,150,60,Improve flexibility / mobility,Lightly active,0,Stretching / mobility,No limitations,,Exercise mat,46–60 minutes,2,Lack of motivation,Increase protein intake,Sri Lankan meals,Non Vegetraian,University cafeteria / canteen,,,,,,,,,,,
03/09/2026 21:00:01,1st Year Undergraduate,Intern/Trainee,Health Science/Medicine,Nursing/Health Sciences,Improving,Business/Management,software Engineer,2,Yes,lawyer,2,2,3,4,3,3,3,4,2,Practising with projects,Weekly,Yes,Competition,Coordinator,No,,Certification recommendations,4–5,5–10 hours,Afternoon,Yes,90,Travel,3–5,1,Closest deadline,No,time,Almost Never,Fairly often,Very often,Fairly often,Sometimes,Sometimes,Sometimes,Sometimes,Almost Never,Almost Never,5,Sometimes,2,25,150,60,Improve flexibility / mobility,Lightly active,0,Stretching / mobility,No limitations,,Exercise mat,46–60 minutes,2,Lack of motivation,Increase protein intake,Sri Lankan meals,Non Vegetraian,University cafeteria / canteen,,,,,,,,,,,
03/09/2026 21:00:03,1st Year Undergraduate,Intern/Trainee,Health Science/Medicine,Nursing/Health Sciences,Improving,Business/Management,software Engineer,2,Yes,lawyer,2,2,3,4,3,3,3,4,2,Practising with projects,Weekly,Yes,Competition,Coordinator,No,,Certification recommendations,4–5,5–10 hours,Afternoon,Yes,90,Travel,3–5,1,Closest deadline,No,time,Almost Never,Fairly often,Very often,Fairly often,Sometimes,Sometimes,Sometimes,Sometimes,Almost Never,Almost Never,5,Sometimes,2,25,150,60,Improve flexibility / mobility,Lightly active,0,Stretching / mobility,No limitations,,Exercise mat,46–60 minutes,2,Lack of motivation,Increase protein intake,Sri Lankan meals,Non Vegetraian,University cafeteria / canteen,,,,,,,,,,,
03/09/2026 21:00:04,1st Year Undergraduate,Intern/Trainee,Health Science/Medicine,Nursing/Health Sciences,Improving,Business/Management,software Engineer,2,Yes,lawyer,2,2,3,4,3,3,3,4,2,Practising with projects,Weekly,Yes,Competition,Coordinator,No,,Certification recommendations,4–5,5–10 hours,Afternoon,Yes,90,Travel,3–5,1,Closest deadline,No,time,Almost Never,Fairly often,Very often,Fairly often,Sometimes,Sometimes,Sometimes,Sometimes,Almost Never,Almost Never,5,Sometimes,2,25,150,60,Improve flexibility / mobility,Lightly active,0,Stretching / mobility,No limitations,,Exercise mat,46–60 minutes,2,Lack of motivation,Increase protein intake,Sri Lankan meals,Non Vegetraian,University cafeteria / canteen,,,,,,,,,,,
03/09/2026 21:00:06,1st Year Undergraduate,Intern/Trainee,Health Science/Medicine,Nursing/Health Sciences,Improving,Business/Management,software Engineer,2,Yes,lawyer,2,2,3,4,3,3,3,4,2,Practising with projects,Weekly,Yes,Competition,Coordinator,No,,Certification recommendations,4–5,5–10 hours,Afternoon,Yes,90,Travel,3–5,1,Closest deadline,No,time,Almost Never,Fairly often,Very often,Fairly often,Sometimes,Sometimes,Sometimes,Sometimes,Almost Never,Almost Never,5,Sometimes,2,25,150,60,Improve flexibility / mobility,Lightly active,0,Stretching / mobility,No limitations,,Exercise mat,46–60 minutes,2,Lack of motivation,Increase protein intake,Sri Lankan meals,Non Vegetraian,University cafeteria / canteen,,,,,,,,,,,
03/09/2026 21:00:08,1st Year Undergraduate,Intern/Trainee,Health Science/Medicine,Nursing/Health Sciences,Improving,Business/Management,software Engineer,2,Yes,lawyer,2,2,3,4,3,3,3,4,2,Practising with projects,Weekly,Yes,Competition,Coordinator,No,,Certification recommendations,4–5,5–10 hours,Afternoon,Yes,90,Travel,3–5,1,Closest deadline,No,time,Almost Never,Fairly often,Very often,Fairly often,Sometimes,Sometimes,Sometimes,Sometimes,Almost Never,Almost Never,5,Sometimes,2,25,150,60,Improve flexibility / mobility,Lightly active,0,Stretching / mobility,No limitations,,Exercise mat,46–60 minutes,2,Lack of motivation,Increase protein intake,Sri Lankan meals,Non Vegetraian,University cafeteria / canteen,,,,,,,,,,,
03/09/2026 21:00:10,1st Year Undergraduate,Intern/Trainee,Health Science/Medicine,Nursing/Health Sciences,Improving,Business/Management,software Engineer,2,Yes,lawyer,2,2,3,4,3,3,3,4,2,Practising with projects,Weekly,Yes,Competition,Coordinator,No,,Certification recommendations,4–5,5–10 hours,Afternoon,Yes,90,Travel,3–5,1,Closest deadline,No,time,Almost Never,Fairly often,Very often,Fairly often,Sometimes,Sometimes,Sometimes,Sometimes,Almost Never,Almost Never,5,Sometimes,2,25,150,60,Improve flexibility / mobility,Lightly active,0,Stretching / mobility,No limitations,,Exercise mat,46–60 minutes,2,Lack of motivation,Increase protein intake,Sri Lankan meals,Non Vegetraian,University cafeteria / canteen,,,,,,,,,,,
03/09/2026 21:00:11,1st Year Undergraduate,Intern/Trainee,Health Science/Medicine,Nursing/Health Sciences,Improving,Business/Management,software Engineer,2,Yes,lawyer,2,2,3,4,3,3,3,4,2,Practising with projects,Weekly,Yes,Competition,Coordinator,No,,Certification recommendations,4–5,5–10 hours,Afternoon,Yes,90,Travel,3–5,1,Closest deadline,No,time,Almost Never,Fairly often,Very often,Fairly often,Sometimes,Sometimes,Sometimes,Sometimes,Almost Never,Almost Never,5,Sometimes,2,25,150,60,Improve flexibility / mobility,Lightly active,0,Stretching / mobility,No limitations,,Exercise mat,46–60 minutes,2,Lack of motivation,Increase protein intake,Sri Lankan meals,Non Vegetraian,University cafeteria / canteen,,,,,,,,,,,
03/09/2026 21:00:13,1st Year Undergraduate,Intern/Trainee,Health Science/Medicine,Nursing/Health Sciences,Improving,Business/Management,software Engineer,2,Yes,lawyer,2,2,3,4,3,3,3,4,2,Practising with projects,Weekly,Yes,Competition,Coordinator,No,,Certification recommendations,4–5,5–10 hours,Afternoon,Yes,90,Travel,3–5,1,Closest deadline,No,time,Almost Never,Fairly often,Very often,Fairly often,Sometimes,Sometimes,Sometimes,Sometimes,Almost Never,Almost Never,5,Sometimes,2,25,150,60,Improve flexibility / mobility,Lightly active,0,Stretching / mobility,No limitations,,Exercise mat,46–60 minutes,2,Lack of motivation,Increase protein intake,Sri Lankan meals,Non Vegetraian,University cafeteria / canteen,,,,,,,,,,,
03/09/2026 21:00:15,1st Year Undergraduate,Intern/Trainee,Health Science/Medicine,Nursing/Health Sciences,Improving,Business/Management,software Engineer,2,Yes,lawyer,2,2,3,4,3,3,3,4,2,Practising with projects,Weekly,Yes,Competition,Coordinator,No,,Certification recommendations,4–5,5–10 hours,Afternoon,Yes,90,Travel,3–5,1,Closest deadline,No,time,Almost Never,Fairly often,Very often,Fairly often,Sometimes,Sometimes,Sometimes,Sometimes,Almost Never,Almost Never,5,Sometimes,2,25,150,60,Improve flexibility / mobility,Lightly active,0,Stretching / mobility,No limitations,,Exercise mat,46–60 minutes,2,Lack of motivation,Increase protein intake,Sri Lankan meals,Non Vegetraian,University cafeteria / canteen,,,,,,,,,,,
03/09/2026 21:00:17,1st Year Undergraduate,Intern/Trainee,Health Science/Medicine,Nursing/Health Sciences,Improving,Business/Management,software Engineer,2,Yes,lawyer,2,2,3,4,3,3,3,4,2,Practising with projects,Weekly,Yes,Competition,Coordinator,No,,Certification recommendations,4–5,5–10 hours,Afternoon,Yes,90,Travel,3–5,1,Closest deadline,No,time,Almost Never,Fairly often,Very often,Fairly often,Sometimes,Sometimes,Sometimes,Sometimes,Almost Never,Almost Never,5,Sometimes,2,25,150,60,Improve flexibility / mobility,Lightly active,0,Stretching / mobility,No limitations,,Exercise mat,46–60 minutes,2,Lack of motivation,Increase protein intake,Sri Lankan meals,Non Vegetraian,University cafeteria / canteen,,,,,,,,,,,
03/09/2026 21:00:18,1st Year Undergraduate,Intern/Trainee,Health Science/Medicine,Nursing/Health Sciences,Improving,Business/Management,software Engineer,2,Yes,lawyer,2,2,3,4,3,3,3,4,2,Practising with projects,Weekly,Yes,Competition,Coordinator,No,,Certification recommendations,4–5,5–10 hours,Afternoon,Yes,90,Travel,3–5,1,Closest deadline,No,time,Almost Never,Fairly often,Very often,Fairly often,Sometimes,Sometimes,Sometimes,Sometimes,Almost Never,Almost Never,5,Sometimes,2,25,150,60,Improve flexibility / mobility,Lightly active,0,Stretching / mobility,No limitations,,Exercise mat,46–60 minutes,2,Lack of motivation,Increase protein intake,Sri Lankan meals,Non Vegetraian,University cafeteria / canteen,,,,,,,,,,,
03/09/2026 21:00:20,1st Year Undergraduate,Intern/Trainee,Health Science/Medicine,Nursing/Health Sciences,Improving,Business/Management,software Engineer,2,Yes,lawyer,2,2,3,4,3,3,3,4,2,Practising with projects,Weekly,Yes,Competition,Coordinator,No,,Certification recommendations,4–5,5–10 hours,Afternoon,Yes,90,Travel,3–5,1,Closest deadline,No,time,Almost Never,Fairly often,Very often,Fairly often,Sometimes,Sometimes,Sometimes,Sometimes,Almost Never,Almost Never,5,Sometimes,2,25,150,60,Improve flexibility / mobility,Lightly active,0,Stretching / mobility,No limitations,,Exercise mat,46–60 minutes,2,Lack of motivation,Increase protein intake,Sri Lankan meals,Non Vegetraian,University cafeteria / canteen,,,,,,,,,,,
03/09/2026 21:00:22,1st Year Undergraduate,Intern/Trainee,Health Science/Medicine,Nursing/Health Sciences,Improving,Business/Management,software Engineer,2,Yes,lawyer,2,2,3,4,3,3,3,4,2,Practising with projects,Weekly,Yes,Competition,Coordinator,No,,Certification recommendations,4–5,5–10 hours,Afternoon,Yes,90,Travel,3–5,1,Closest deadline,No,time,Almost Never,Fairly often,Very often,Fairly often,Sometimes,Sometimes,Sometimes,Sometimes,Almost Never,Almost Never,5,Sometimes,2,25,150,60,Improve flexibility / mobility,Lightly active,0,Stretching / mobility,No limitations,,Exercise mat,46–60 minutes,2,Lack of motivation,Increase protein intake,Sri Lankan meals,Non Vegetraian,University cafeteria / canteen,,,,,,,,,,,
03/09/2026 21:00:23,1st Year Undergraduate,Intern/Trainee,Health Science/Medicine,Nursing/Health Sciences,Improving,Business/Management,software Engineer,2,Yes,lawyer,2,2,3,4,3,3,3,4,2,Practising with projects,Weekly,Yes,Competition,Coordinator,No,,Certification recommendations,4–5,5–10 hours,Afternoon,Yes,90,Travel,3–5,1,Closest deadline,No,time,Almost Never,Fairly often,Very often,Fairly often,Sometimes,Sometimes,Sometimes,Sometimes,Almost Never,Almost Never,5,Sometimes,2,25,150,60,Improve flexibility / mobility,Lightly active,0,Stretching / mobility,No limitations,,Exercise mat,46–60 minutes,2,Lack of motivation,Increase protein intake,Sri Lankan meals,Non Vegetraian,University cafeteria / canteen,,,,,,,,,,,
03/09/2026 21:00:25,1st Year Undergraduate,Intern/Trainee,Health Science/Medicine,Nursing/Health Sciences,Improving,Business/Management,software Engineer,2,Yes,lawyer,2,2,3,4,3,3,3,4,2,Practising with projects,Weekly,Yes,Competition,Coordinator,No,,Certification recommendations,4–5,5–10 hours,Afternoon,Yes,90,Travel,3–5,1,Closest deadline,No,time,Almost Never,Fairly often,Very often,Fairly often,Sometimes,Sometimes,Sometimes,Sometimes,Almost Never,Almost Never,5,Sometimes,2,25,150,60,Improve flexibility / mobility,Lightly active,0,Stretching / mobility,No limitations,,Exercise mat,46–60 minutes,2,Lack of motivation,Increase protein intake,Sri Lankan meals,Non Vegetraian,University cafeteria / canteen,,,,,,,,,,,
03/09/2026 21:00:27,1st Year Undergraduate,Intern/Trainee,Health Science/Medicine,Nursing/Health Sciences,Improving,Business/Management,software Engineer,2,Yes,lawyer,2,2,3,4,3,3,3,4,2,Practising with projects,Weekly,Yes,Competition,Coordinator,No,,Certification recommendations,4–5,5–10 hours,Afternoon,Yes,90,Travel,3–5,1,Closest deadline,No,time,Almost Never,Fairly often,Very often,Fairly often,Sometimes,Sometimes,Sometimes,Sometimes,Almost Never,Almost Never,5,Sometimes,2,25,150,60,Improve flexibility / mobility,Lightly active,0,Stretching / mobility,No limitations,,Exercise mat,46–60 minutes,2,Lack of motivation,Increase protein intake,Sri Lankan meals,Non Vegetraian,University cafeteria / canteen,,,,,,,,,,,
03/09/2026 21:00:28,1st Year Undergraduate,Intern/Trainee,Health Science/Medicine,Nursing/Health Sciences,Improving,Business/Management,software Engineer,2,Yes,lawyer,2,2,3,4,3,3,3,4,2,Practising with projects,Weekly,Yes,Competition,Coordinator,No,,Certification recommendations,4–5,5–10 hours,Afternoon,Yes,90,Travel,3–5,1,Closest deadline,No,time,Almost Never,Fairly often,Very often,Fairly often,Sometimes,Sometimes,Sometimes,Sometimes,Almost Never,Almost Never,5,Sometimes,2,25,150,60,Improve flexibility / mobility,Lightly active,0,Stretching / mobility,No limitations,,Exercise mat,46–60 minutes,2,Lack of motivation,Increase protein intake,Sri Lankan meals,Non Vegetraian,University cafeteria / canteen,,,,,,,,,,,
03/09/2026 21:00:30,1st Year Undergraduate,Intern/Trainee,Health Science/Medicine,Nursing/Health Sciences,Improving,Business/Management,software Engineer,2,Yes,lawyer,2,2,3,4,3,3,3,4,2,Practising with projects,Weekly,Yes,Competition,Coordinator,No,,Certification recommendations,4–5,5–10 hours,Afternoon,Yes,90,Travel,3–5,1,Closest deadline,No,time,Almost Never,Fairly often,Very often,Fairly often,Sometimes,Sometimes,Sometimes,Sometimes,Almost Never,Almost Never,5,Sometimes,2,25,150,60,Improve flexibility / mobility,Lightly active,0,Stretching / mobility,No limitations,,Exercise mat,46–60 minutes,2,Lack of motivation,Increase protein intake,Sri Lankan meals,Non Vegetraian,University cafeteria / canteen,,,,,,,,,,,
03/09/2026 21:00:32,1st Year Undergraduate,Intern/Trainee,Health Science/Medicine,Nursing/Health Sciences,Improving,Business/Management,software Engineer,2,Yes,lawyer,2,2,3,4,3,3,3,4,2,Practising with projects,Weekly,Yes,Competition,Coordinator,No,,Certification recommendations,4–5,5–10 hours,Afternoon,Yes,90,Travel,3–5,1,Closest deadline,No,time,Almost Never,Fairly often,Very often,Fairly often,Sometimes,Sometimes,Sometimes,Sometimes,Almost Never,Almost Never,5,Sometimes,2,25,150,60,Improve flexibility / mobility,Lightly active,0,Stretching / mobility,No limitations,,Exercise mat,46–60 minutes,2,Lack of motivation,Increase protein intake,Sri Lankan meals,Non Vegetraian,University cafeteria / canteen,,,,,,,,,,,
03/09/2026 21:00:33,1st Year Undergraduate,Intern/Trainee,Health Science/Medicine,Nursing/Health Sciences,Improving,Business/Management,software Engineer,2,Yes,lawyer,2,2,3,4,3,3,3,4,2,Practising with projects,Weekly,Yes,Competition,Coordinator,No,,Certification recommendations,4–5,5–10 hours,Afternoon,Yes,90,Travel,3–5,1,Closest deadline,No,time,Almost Never,Fairly often,Very often,Fairly often,Sometimes,Sometimes,Sometimes,Sometimes,Almost Never,Almost Never,5,Sometimes,2,25,150,60,Improve flexibility / mobility,Lightly active,0,Stretching / mobility,No limitations,,Exercise mat,46–60 minutes,2,Lack of motivation,Increase protein intake,Sri Lankan meals,Non Vegetraian,University cafeteria / canteen,,,,,,,,,,,
03/09/2026 21:00:35,1st Year Undergraduate,Intern/Trainee,Health Science/Medicine,Nursing/Health Sciences,Improving,Business/Management,software Engineer,2,Yes,lawyer,2,2,3,4,3,3,3,4,2,Practising with projects,Weekly,Yes,Competition,Coordinator,No,,Certification recommendations,4–5,5–10 hours,Afternoon,Yes,90,Travel,3–5,1,Closest deadline,No,time,Almost Never,Fairly often,Very often,Fairly often,Sometimes,Sometimes,Sometimes,Sometimes,Almost Never,Almost Never,5,Sometimes,2,25,150,60,Improve flexibility / mobility,Lightly active,0,Stretching / mobility,No limitations,,Exercise mat,46–60 minutes,2,Lack of motivation,Increase protein intake,Sri Lankan meals,Non Vegetraian,University cafeteria / canteen,,,,,,,,,,,
03/09/2026 21:00:37,1st Year Undergraduate,Intern/Trainee,Health Science/Medicine,Nursing/Health Sciences,Improving,Business/Management,software Engineer,2,Yes,lawyer,2,2,3,4,3,3,3,4,2,Practising with projects,Weekly,Yes,Competition,Coordinator,No,,Certification recommendations,4–5,5–10 hours,Afternoon,Yes,90,Travel,3–5,1,Closest deadline,No,time,Almost Never,Fairly often,Very often,Fairly often,Sometimes,Sometimes,Sometimes,Sometimes,Almost Never,Almost Never,5,Sometimes,2,25,150,60,Improve flexibility / mobility,Lightly active,0,Stretching / mobility,No limitations,,Exercise mat,46–60 minutes,2,Lack of motivation,Increase protein intake,Sri Lankan meals,Non Vegetraian,University cafeteria / canteen,,,,,,,,,,,
03/09/2026 21:00:39,1st Year Undergraduate,Intern/Trainee,Health Science/Medicine,Nursing/Health Sciences,Improving,Business/Management,software Engineer,2,Yes,lawyer,2,2,3,4,3,3,3,4,2,Practising with projects,Weekly,Yes,Competition,Coordinator,No,,Certification recommendations,4–5,5–10 hours,Afternoon,Yes,90,Travel,3–5,1,Closest deadline,No,time,Almost Never,Fairly often,Very often,Fairly often,Sometimes,Sometimes,Sometimes,Sometimes,Almost Never,Almost Never,5,Sometimes,2,25,150,60,Improve flexibility / mobility,Lightly active,0,Stretching / mobility,No limitations,,Exercise mat,46–60 minutes,2,Lack of motivation,Increase protein intake,Sri Lankan meals,Non Vegetraian,University cafeteria / canteen,,,,,,,,,,,
03/09/2026 21:00:40,1st Year Undergraduate,Intern/Trainee,Health Science/Medicine,Nursing/Health Sciences,Improving,Business/Management,software Engineer,2,Yes,lawyer,2,2,3,4,3,3,3,4,2,Practising with projects,Weekly,Yes,Competition,Coordinator,No,,Certification recommendations,4–5,5–10 hours,Afternoon,Yes,90,Travel,3–5,1,Closest deadline,No,time,Almost Never,Fairly often,Very often,Fairly often,Sometimes,Sometimes,Sometimes,Sometimes,Almost Never,Almost Never,5,Sometimes,2,25,150,60,Improve flexibility / mobility,Lightly active,0,Stretching / mobility,No limitations,,Exercise mat,46–60 minutes,2,Lack of motivation,Increase protein intake,Sri Lankan meals,Non Vegetraian,University cafeteria / canteen,,,,,,,,,,,
03/09/2026 21:00:42,1st Year Undergraduate,Intern/Trainee,Health Science/Medicine,Nursing/Health Sciences,Improving,Business/Management,software Engineer,2,Yes,lawyer,2,2,3,4,3,3,3,4,2,Practising with projects,Weekly,Yes,Competition,Coordinator,No,,Certification recommendations,4–5,5–10 hours,Afternoon,Yes,90,Travel,3–5,1,Closest deadline,No,time,Almost Never,Fairly often,Very often,Fairly often,Sometimes,Sometimes,Sometimes,Sometimes,Almost Never,Almost Never,5,Sometimes,2,25,150,60,Improve flexibility / mobility,Lightly active,0,Stretching / mobility,No limitations,,Exercise mat,46–60 minutes,2,Lack of motivation,Increase protein intake,Sri Lankan meals,Non Vegetraian,University cafeteria / canteen,,,,,,,,,,,
03/09/2026 21:00:44,1st Year Undergraduate,Intern/Trainee,Health Science/Medicine,Nursing/Health Sciences,Improving,Business/Management,software Engineer,2,Yes,lawyer,2,2,3,4,3,3,3,4,2,Practising with projects,Weekly,Yes,Competition,Coordinator,No,,Certification recommendations,4–5,5–10 hours,Afternoon,Yes,90,Travel,3–5,1,Closest deadline,No,time,Almost Never,Fairly often,Very often,Fairly often,Sometimes,Sometimes,Sometimes,Sometimes,Almost Never,Almost Never,5,Sometimes,2,25,150,60,Improve flexibility / mobility,Lightly active,0,Stretching / mobility,No limitations,,Exercise mat,46–60 minutes,2,Lack of motivation,Increase protein intake,Sri Lankan meals,Non Vegetraian,University cafeteria / canteen,,,,,,,,,,,
03/09/2026 21:00:45,1st Year Undergraduate,Intern/Trainee,Health Science/Medicine,Nursing/Health Sciences,Improving,Business/Management,software Engineer,2,Yes,lawyer,2,2,3,4,3,3,3,4,2,Practising with projects,Weekly,Yes,Competition,Coordinator,No,,Certification recommendations,4–5,5–10 hours,Afternoon,Yes,90,Travel,3–5,1,Closest deadline,No,time,Almost Never,Fairly often,Very often,Fairly often,Sometimes,Sometimes,Sometimes,Sometimes,Almost Never,Almost Never,5,Sometimes,2,25,150,60,Improve flexibility / mobility,Lightly active,0,Stretching / mobility,No limitations,,Exercise mat,46–60 minutes,2,Lack of motivation,Increase protein intake,Sri Lankan meals,Non Vegetraian,University cafeteria / canteen,,,,,,,,,,,
03/09/2026 21:00:47,1st Year Undergraduate,Intern/Trainee,Health Science/Medicine,Nursing/Health Sciences,Improving,Business/Management,software Engineer,2,Yes,lawyer,2,2,3,4,3,3,3,4,2,Practising with projects,Weekly,Yes,Competition,Coordinator,No,,Certification recommendations,4–5,5–10 hours,Afternoon,Yes,90,Travel,3–5,1,Closest deadline,No,time,Almost Never,Fairly often,Very often,Fairly often,Sometimes,Sometimes,Sometimes,Sometimes,Almost Never,Almost Never,5,Sometimes,2,25,150,60,Improve flexibility / mobility,Lightly active,0,Stretching / mobility,No limitations,,Exercise mat,46–60 minutes,2,Lack of motivation,Increase protein intake,Sri Lankan meals,Non Vegetraian,University cafeteria / canteen,,,,,,,,,,,
03/09/2026 21:00:48,1st Year Undergraduate,Intern/Trainee,Health Science/Medicine,Nursing/Health Sciences,Improving,Business/Management,software Engineer,2,Yes,lawyer,2,2,3,4,3,3,3,4,2,Practising with projects,Weekly,Yes,Competition,Coordinator,No,,Certification recommendations,4–5,5–10 hours,Afternoon,Yes,90,Travel,3–5,1,Closest deadline,No,time,Almost Never,Fairly often,Very often,Fairly often,Sometimes,Sometimes,Sometimes,Sometimes,Almost Never,Almost Never,5,Sometimes,2,25,150,60,Improve flexibility / mobility,Lightly active,0,Stretching / mobility,No limitations,,Exercise mat,46–60 minutes,2,Lack of motivation,Increase protein intake,Sri Lankan meals,Non Vegetraian,University cafeteria / canteen,,,,,,,,,,,
03/09/2026 21:00:50,1st Year Undergraduate,Intern/Trainee,Health Science/Medicine,Nursing/Health Sciences,Improving,Business/Management,software Engineer,2,Yes,lawyer,2,2,3,4,3,3,3,4,2,Practising with projects,Weekly,Yes,Competition,Coordinator,No,,Certification recommendations,4–5,5–10 hours,Afternoon,Yes,90,Travel,3–5,1,Closest deadline,No,time,Almost Never,Fairly often,Very often,Fairly often,Sometimes,Sometimes,Sometimes,Sometimes,Almost Never,Almost Never,5,Sometimes,2,25,150,60,Improve flexibility / mobility,Lightly active,0,Stretching / mobility,No limitations,,Exercise mat,46–60 minutes,2,Lack of motivation,Increase protein intake,Sri Lankan meals,Non Vegetraian,University cafeteria / canteen,,,,,,,,,,,
03/09/2026 21:00:52,1st Year Undergraduate,Intern/Trainee,Health Science/Medicine,Nursing/Health Sciences,Improving,Business/Management,software Engineer,2,Yes,lawyer,2,2,3,4,3,3,3,4,2,Practising with projects,Weekly,Yes,Competition,Coordinator,No,,Certification recommendations,4–5,5–10 hours,Afternoon,Yes,90,Travel,3–5,1,Closest deadline,No,time,Almost Never,Fairly often,Very often,Fairly often,Sometimes,Sometimes,Sometimes,Sometimes,Almost Never,Almost Never,5,Sometimes,2,25,150,60,Improve flexibility / mobility,Lightly active,0,Stretching / mobility,No limitations,,Exercise mat,46–60 minutes,2,Lack of motivation,Increase protein intake,Sri Lankan meals,Non Vegetraian,University cafeteria / canteen,,,,,,,,,,,
03/09/2026 21:00:54,1st Year Undergraduate,Intern/Trainee,Health Science/Medicine,Nursing/Health Sciences,Improving,Business/Management,software Engineer,2,Yes,lawyer,2,2,3,4,3,3,3,4,2,Practising with projects,Weekly,Yes,Competition,Coordinator,No,,Certification recommendations,4–5,5–10 hours,Afternoon,Yes,90,Travel,3–5,1,Closest deadline,No,time,Almost Never,Fairly often,Very often,Fairly often,Sometimes,Sometimes,Sometimes,Sometimes,Almost Never,Almost Never,5,Sometimes,2,25,150,60,Improve flexibility / mobility,Lightly active,0,Stretching / mobility,No limitations,,Exercise mat,46–60 minutes,2,Lack of motivation,Increase protein intake,Sri Lankan meals,Non Vegetraian,University cafeteria / canteen,,,,,,,,,,,
03/09/2026 21:00:55,1st Year Undergraduate,Intern/Trainee,Health Science/Medicine,Nursing/Health Sciences,Improving,Business/Management,software Engineer,2,Yes,lawyer,2,2,3,4,3,3,3,4,2,Practising with projects,Weekly,Yes,Competition,Coordinator,No,,Certification recommendations,4–5,5–10 hours,Afternoon,Yes,90,Travel,3–5,1,Closest deadline,No,time,Almost Never,Fairly often,Very often,Fairly often,Sometimes,Sometimes,Sometimes,Sometimes,Almost Never,Almost Never,5,Sometimes,2,25,150,60,Improve flexibility / mobility,Lightly active,0,Stretching / mobility,No limitations,,Exercise mat,46–60 minutes,2,Lack of motivation,Increase protein intake,Sri Lankan meals,Non Vegetraian,University cafeteria / canteen,,,,,,,,,,,
03/09/2026 21:00:57,1st Year Undergraduate,Intern/Trainee,Health Science/Medicine,Nursing/Health Sciences,Improving,Business/Management,software Engineer,2,Yes,lawyer,2,2,3,4,3,3,3,4,2,Practising with projects,Weekly,Yes,Competition,Coordinator,No,,Certification recommendations,4–5,5–10 hours,Afternoon,Yes,90,Travel,3–5,1,Closest deadline,No,time,Almost Never,Fairly often,Very often,Fairly often,Sometimes,Sometimes,Sometimes,Sometimes,Almost Never,Almost Never,5,Sometimes,2,25,150,60,Improve flexibility / mobility,Lightly active,0,Stretching / mobility,No limitations,,Exercise mat,46–60 minutes,2,Lack of motivation,Increase protein intake,Sri Lankan meals,Non Vegetraian,University cafeteria / canteen,,,,,,,,,,,
03/09/2026 21:00:59,1st Year Undergraduate,Intern/Trainee,Health Science/Medicine,Nursing/Health Sciences,Improving,Business/Management,software Engineer,2,Yes,lawyer,2,2,3,4,3,3,3,4,2,Practising with projects,Weekly,Yes,Competition,Coordinator,No,,Certification recommendations,4–5,5–10 hours,Afternoon,Yes,90,Travel,3–5,1,Closest deadline,No,time,Almost Never,Fairly often,Very often,Fairly often,Sometimes,Sometimes,Sometimes,Sometimes,Almost Never,Almost Never,5,Sometimes,2,25,150,60,Improve flexibility / mobility,Lightly active,0,Stretching / mobility,No limitations,,Exercise mat,46–60 minutes,2,Lack of motivation,Increase protein intake,Sri Lankan meals,Non Vegetraian,University cafeteria / canteen,,,,,,,,,,,
03/09/2026 21:01:01,1st Year Undergraduate,Intern/Trainee,Health Science/Medicine,Nursing/Health Sciences,Improving,Business/Management,software Engineer,2,Yes,lawyer,2,2,3,4,3,3,3,4,2,Practising with projects,Weekly,Yes,Competition,Coordinator,No,,Certification recommendations,4–5,5–10 hours,Afternoon,Yes,90,Travel,3–5,1,Closest deadline,No,time,Almost Never,Fairly often,Very often,Fairly often,Sometimes,Sometimes,Sometimes,Sometimes,Almost Never,Almost Never,5,Sometimes,2,25,150,60,Improve flexibility / mobility,Lightly active,0,Stretching / mobility,No limitations,,Exercise mat,46–60 minutes,2,Lack of motivation,Increase protein intake,Sri Lankan meals,Non Vegetraian,University cafeteria / canteen,,,,,,,,,,,
03/09/2026 21:01:02,1st Year Undergraduate,Intern/Trainee,Health Science/Medicine,Nursing/Health Sciences,Improving,Business/Management,software Engineer,2,Yes,lawyer,2,2,3,4,3,3,3,4,2,Practising with projects,Weekly,Yes,Competition,Coordinator,No,,Certification recommendations,4–5,5–10 hours,Afternoon,Yes,90,Travel,3–5,1,Closest deadline,No,time,Almost Never,Fairly often,Very often,Fairly often,Sometimes,Sometimes,Sometimes,Sometimes,Almost Never,Almost Never,5,Sometimes,2,25,150,60,Improve flexibility / mobility,Lightly active,0,Stretching / mobility,No limitations,,Exercise mat,46–60 minutes,2,Lack of motivation,Increase protein intake,Sri Lankan meals,Non Vegetraian,University cafeteria / canteen,,,,,,,,,,,
03/09/2026 21:01:04,1st Year Undergraduate,Intern/Trainee,Health Science/Medicine,Nursing/Health Sciences,Improving,Business/Management,software Engineer,2,Yes,lawyer,2,2,3,4,3,3,3,4,2,Practising with projects,Weekly,Yes,Competition,Coordinator,No,,Certification recommendations,4–5,5–10 hours,Afternoon,Yes,90,Travel,3–5,1,Closest deadline,No,time,Almost Never,Fairly often,Very often,Fairly often,Sometimes,Sometimes,Sometimes,Sometimes,Almost Never,Almost Never,5,Sometimes,2,25,150,60,Improve flexibility / mobility,Lightly active,0,Stretching / mobility,No limitations,,Exercise mat,46–60 minutes,2,Lack of motivation,Increase protein intake,Sri Lankan meals,Non Vegetraian,University cafeteria / canteen,,,,,,,,,,,
03/09/2026 21:01:06,1st Year Undergraduate,Intern/Trainee,Health Science/Medicine,Nursing/Health Sciences,Improving,Business/Management,software Engineer,2,Yes,lawyer,2,2,3,4,3,3,3,4,2,Practising with projects,Weekly,Yes,Competition,Coordinator,No,,Certification recommendations,4–5,5–10 hours,Afternoon,Yes,90,Travel,3–5,1,Closest deadline,No,time,Almost Never,Fairly often,Very often,Fairly often,Sometimes,Sometimes,Sometimes,Sometimes,Almost Never,Almost Never,5,Sometimes,2,25,150,60,Improve flexibility / mobility,Lightly active,0,Stretching / mobility,No limitations,,Exercise mat,46–60 minutes,2,Lack of motivation,Increase protein intake,Sri Lankan meals,Non Vegetraian,University cafeteria / canteen,,,,,,,,,,,
03/09/2026 21:01:07,1st Year Undergraduate,Intern/Trainee,Health Science/Medicine,Nursing/Health Sciences,Improving,Business/Management,software Engineer,2,Yes,lawyer,2,2,3,4,3,3,3,4,2,Practising with projects,Weekly,Yes,Competition,Coordinator,No,,Certification recommendations,4–5,5–10 hours,Afternoon,Yes,90,Travel,3–5,1,Closest deadline,No,time,Almost Never,Fairly often,Very often,Fairly often,Sometimes,Sometimes,Sometimes,Sometimes,Almost Never,Almost Never,5,Sometimes,2,25,150,60,Improve flexibility / mobility,Lightly active,0,Stretching / mobility,No limitations,,Exercise mat,46–60 minutes,2,Lack of motivation,Increase protein intake,Sri Lankan meals,Non Vegetraian,University cafeteria / canteen,,,,,,,,,,,
03/09/2026 21:01:09,1st Year Undergraduate,Intern/Trainee,Health Science/Medicine,Nursing/Health Sciences,Improving,Business/Management,software Engineer,2,Yes,lawyer,2,2,3,4,3,3,3,4,2,Practising with projects,Weekly,Yes,Competition,Coordinator,No,,Certification recommendations,4–5,5–10 hours,Afternoon,Yes,90,Travel,3–5,1,Closest deadline,No,time,Almost Never,Fairly often,Very often,Fairly often,Sometimes,Sometimes,Sometimes,Sometimes,Almost Never,Almost Never,5,Sometimes,2,25,150,60,Improve flexibility / mobility,Lightly active,0,Stretching / mobility,No limitations,,Exercise mat,46–60 minutes,2,Lack of motivation,Increase protein intake,Sri Lankan meals,Non Vegetraian,University cafeteria / canteen,,,,,,,,,,,
03/09/2026 21:01:11,1st Year Undergraduate,Intern/Trainee,Health Science/Medicine,Nursing/Health Sciences,Improving,Business/Management,software Engineer,2,Yes,lawyer,2,2,3,4,3,3,3,4,2,Practising with projects,Weekly,Yes,Competition,Coordinator,No,,Certification recommendations,4–5,5–10 hours,Afternoon,Yes,90,Travel,3–5,1,Closest deadline,No,time,Almost Never,Fairly often,Very often,Fairly often,Sometimes,Sometimes,Sometimes,Sometimes,Almost Never,Almost Never,5,Sometimes,2,25,150,60,Improve flexibility / mobility,Lightly active,0,Stretching / mobility,No limitations,,Exercise mat,46–60 minutes,2,Lack of motivation,Increase protein intake,Sri Lankan meals,Non Vegetraian,University cafeteria / canteen,,,,,,,,,,,
03/09/2026 21:01:12,1st Year Undergraduate,Intern/Trainee,Health Science/Medicine,Nursing/Health Sciences,Improving,Business/Management,software Engineer,2,Yes,lawyer,2,2,3,4,3,3,3,4,2,Practising with projects,Weekly,Yes,Competition,Coordinator,No,,Certification recommendations,4–5,5–10 hours,Afternoon,Yes,90,Travel,3–5,1,Closest deadline,No,time,Almost Never,Fairly often,Very often,Fairly often,Sometimes,Sometimes,Sometimes,Sometimes,Almost Never,Almost Never,5,Sometimes,2,25,150,60,Improve flexibility / mobility,Lightly active,0,Stretching / mobility,No limitations,,Exercise mat,46–60 minutes,2,Lack of motivation,Increase protein intake,Sri Lankan meals,Non Vegetraian,University cafeteria / canteen,,,,,,,,,,,
03/09/2026 21:01:14,1st Year Undergraduate,Intern/Trainee,Health Science/Medicine,Nursing/Health Sciences,Improving,Business/Management,software Engineer,2,Yes,lawyer,2,2,3,4,3,3,3,4,2,Practising with projects,Weekly,Yes,Competition,Coordinator,No,,Certification recommendations,4–5,5–10 hours,Afternoon,Yes,90,Travel,3–5,1,Closest deadline,No,time,Almost Never,Fairly often,Very often,Fairly often,Sometimes,Sometimes,Sometimes,Sometimes,Almost Never,Almost Never,5,Sometimes,2,25,150,60,Improve flexibility / mobility,Lightly active,0,Stretching / mobility,No limitations,,Exercise mat,46–60 minutes,2,Lack of motivation,Increase protein intake,Sri Lankan meals,Non Vegetraian,University cafeteria / canteen,,,,,,,,,,,
03/09/2026 21:01:16,1st Year Undergraduate,Intern/Trainee,Health Science/Medicine,Nursing/Health Sciences,Improving,Business/Management,software Engineer,2,Yes,lawyer,2,2,3,4,3,3,3,4,2,Practising with projects,Weekly,Yes,Competition,Coordinator,No,,Certification recommendations,4–5,5–10 hours,Afternoon,Yes,90,Travel,3–5,1,Closest deadline,No,time,Almost Never,Fairly often,Very often,Fairly often,Sometimes,Sometimes,Sometimes,Sometimes,Almost Never,Almost Never,5,Sometimes,2,25,150,60,Improve flexibility / mobility,Lightly active,0,Stretching / mobility,No limitations,,Exercise mat,46–60 minutes,2,Lack of motivation,Increase protein intake,Sri Lankan meals,Non Vegetraian,University cafeteria / canteen,,,,,,,,,,,
03/09/2026 21:01:17,1st Year Undergraduate,Intern/Trainee,Health Science/Medicine,Nursing/Health Sciences,Improving,Business/Management,software Engineer,2,Yes,lawyer,2,2,3,4,3,3,3,4,2,Practising with projects,Weekly,Yes,Competition,Coordinator,No,,Certification recommendations,4–5,5–10 hours,Afternoon,Yes,90,Travel,3–5,1,Closest deadline,No,time,Almost Never,Fairly often,Very often,Fairly often,Sometimes,Sometimes,Sometimes,Sometimes,Almost Never,Almost Never,5,Sometimes,2,25,150,60,Improve flexibility / mobility,Lightly active,0,Stretching / mobility,No limitations,,Exercise mat,46–60 minutes,2,Lack of motivation,Increase protein intake,Sri Lankan meals,Non Vegetraian,University cafeteria / canteen,,,,,,,,,,,
03/09/2026 21:01:19,1st Year Undergraduate,Intern/Trainee,Health Science/Medicine,Nursing/Health Sciences,Improving,Business/Management,software Engineer,2,Yes,lawyer,2,2,3,4,3,3,3,4,2,Practising with projects,Weekly,Yes,Competition,Coordinator,No,,Certification recommendations,4–5,5–10 hours,Afternoon,Yes,90,Travel,3–5,1,Closest deadline,No,time,Almost Never,Fairly often,Very often,Fairly often,Sometimes,Sometimes,Sometimes,Sometimes,Almost Never,Almost Never,5,Sometimes,2,25,150,60,Improve flexibility / mobility,Lightly active,0,Stretching / mobility,No limitations,,Exercise mat,46–60 minutes,2,Lack of motivation,Increase protein intake,Sri Lankan meals,Non Vegetraian,University cafeteria / canteen,,,,,,,,,,,
03/09/2026 21:01:21,1st Year Undergraduate,Intern/Trainee,Health Science/Medicine,Nursing/Health Sciences,Improving,Business/Management,software Engineer,2,Yes,lawyer,2,2,3,4,3,3,3,4,2,Practising with projects,Weekly,Yes,Competition,Coordinator,No,,Certification recommendations,4–5,5–10 hours,Afternoon,Yes,90,Travel,3–5,1,Closest deadline,No,time,Almost Never,Fairly often,Very often,Fairly often,Sometimes,Sometimes,Sometimes,Sometimes,Almost Never,Almost Never,5,Sometimes,2,25,150,60,Improve flexibility / mobility,Lightly active,0,Stretching / mobility,No limitations,,Exercise mat,46–60 minutes,2,Lack of motivation,Increase protein intake,Sri Lankan meals,Non Vegetraian,University cafeteria / canteen,,,,,,,,,,,
03/09/2026 21:01:23,1st Year Undergraduate,Intern/Trainee,Health Science/Medicine,Nursing/Health Sciences,Improving,Business/Management,software Engineer,2,Yes,lawyer,2,2,3,4,3,3,3,4,2,Practising with projects,Weekly,Yes,Competition,Coordinator,No,,Certification recommendations,4–5,5–10 hours,Afternoon,Yes,90,Travel,3–5,1,Closest deadline,No,time,Almost Never,Fairly often,Very often,Fairly often,Sometimes,Sometimes,Sometimes,Sometimes,Almost Never,Almost Never,5,Sometimes,2,25,150,60,Improve flexibility / mobility,Lightly active,0,Stretching / mobility,No limitations,,Exercise mat,46–60 minutes,2,Lack of motivation,Increase protein intake,Sri Lankan meals,Non Vegetraian,University cafeteria / canteen,,,,,,,,,,,
03/09/2026 21:01:25,1st Year Undergraduate,Intern/Trainee,Health Science/Medicine,Nursing/Health Sciences,Improving,Business/Management,software Engineer,2,Yes,lawyer,2,2,3,4,3,3,3,4,2,Practising with projects,Weekly,Yes,Competition,Coordinator,No,,Certification recommendations,4–5,5–10 hours,Afternoon,Yes,90,Travel,3–5,1,Closest deadline,No,time,Almost Never,Fairly often,Very often,Fairly often,Sometimes,Sometimes,Sometimes,Sometimes,Almost Never,Almost Never,5,Sometimes,2,25,150,60,Improve flexibility / mobility,Lightly active,0,Stretching / mobility,No limitations,,Exercise mat,46–60 minutes,2,Lack of motivation,Increase protein intake,Sri Lankan meals,Non Vegetraian,University cafeteria / canteen,,,,,,,,,,,
03/09/2026 21:01:26,1st Year Undergraduate,Intern/Trainee,Health Science/Medicine,Nursing/Health Sciences,Improving,Business/Management,software Engineer,2,Yes,lawyer,2,2,3,4,3,3,3,4,2,Practising with projects,Weekly,Yes,Competition,Coordinator,No,,Certification recommendations,4–5,5–10 hours,Afternoon,Yes,90,Travel,3–5,1,Closest deadline,No,time,Almost Never,Fairly often,Very often,Fairly often,Sometimes,Sometimes,Sometimes,Sometimes,Almost Never,Almost Never,5,Sometimes,2,25,150,60,Improve flexibility / mobility,Lightly active,0,Stretching / mobility,No limitations,,Exercise mat,46–60 minutes,2,Lack of motivation,Increase protein intake,Sri Lankan meals,Non Vegetraian,University cafeteria / canteen,,,,,,,,,,,
03/09/2026 21:01:28,1st Year Undergraduate,Intern/Trainee,Health Science/Medicine,Nursing/Health Sciences,Improving,Business/Management,software Engineer,2,Yes,lawyer,2,2,3,4,3,3,3,4,2,Practising with projects,Weekly,Yes,Competition,Coordinator,No,,Certification recommendations,4–5,5–10 hours,Afternoon,Yes,90,Travel,3–5,1,Closest deadline,No,time,Almost Never,Fairly often,Very often,Fairly often,Sometimes,Sometimes,Sometimes,Sometimes,Almost Never,Almost Never,5,Sometimes,2,25,150,60,Improve flexibility / mobility,Lightly active,0,Stretching / mobility,No limitations,,Exercise mat,46–60 minutes,2,Lack of motivation,Increase protein intake,Sri Lankan meals,Non Vegetraian,University cafeteria / canteen,,,,,,,,,,,
03/09/2026 21:01:29,1st Year Undergraduate,Intern/Trainee,Health Science/Medicine,Nursing/Health Sciences,Improving,Business/Management,software Engineer,2,Yes,lawyer,2,2,3,4,3,3,3,4,2,Practising with projects,Weekly,Yes,Competition,Coordinator,No,,Certification recommendations,4–5,5–10 hours,Afternoon,Yes,90,Travel,3–5,1,Closest deadline,No,time,Almost Never,Fairly often,Very often,Fairly often,Sometimes,Sometimes,Sometimes,Sometimes,Almost Never,Almost Never,5,Sometimes,2,25,150,60,Improve flexibility / mobility,Lightly active,0,Stretching / mobility,No limitations,,Exercise mat,46–60 minutes,2,Lack of motivation,Increase protein intake,Sri Lankan meals,Non Vegetraian,University cafeteria / canteen,,,,,,,,,,,
03/09/2026 21:01:31,1st Year Undergraduate,Intern/Trainee,Health Science/Medicine,Nursing/Health Sciences,Improving,Business/Management,software Engineer,2,Yes,lawyer,2,2,3,4,3,3,3,4,2,Practising with projects,Weekly,Yes,Competition,Coordinator,No,,Certification recommendations,4–5,5–10 hours,Afternoon,Yes,90,Travel,3–5,1,Closest deadline,No,time,Almost Never,Fairly often,Very often,Fairly often,Sometimes,Sometimes,Sometimes,Sometimes,Almost Never,Almost Never,5,Sometimes,2,25,150,60,Improve flexibility / mobility,Lightly active,0,Stretching / mobility,No limitations,,Exercise mat,46–60 minutes,2,Lack of motivation,Increase protein intake,Sri Lankan meals,Non Vegetraian,University cafeteria / canteen,,,,,,,,,,,
03/09/2026 21:01:33,1st Year Undergraduate,Intern/Trainee,Health Science/Medicine,Nursing/Health Sciences,Improving,Business/Management,software Engineer,2,Yes,lawyer,2,2,3,4,3,3,3,4,2,Practising with projects,Weekly,Yes,Competition,Coordinator,No,,Certification recommendations,4–5,5–10 hours,Afternoon,Yes,90,Travel,3–5,1,Closest deadline,No,time,Almost Never,Fairly often,Very often,Fairly often,Sometimes,Sometimes,Sometimes,Sometimes,Almost Never,Almost Never,5,Sometimes,2,25,150,60,Improve flexibility / mobility,Lightly active,0,Stretching / mobility,No limitations,,Exercise mat,46–60 minutes,2,Lack of motivation,Increase protein intake,Sri Lankan meals,Non Vegetraian,University cafeteria / canteen,,,,,,,,,,,
03/09/2026 21:01:35,1st Year Undergraduate,Intern/Trainee,Health Science/Medicine,Nursing/Health Sciences,Improving,Business/Management,software Engineer,2,Yes,lawyer,2,2,3,4,3,3,3,4,2,Practising with projects,Weekly,Yes,Competition,Coordinator,No,,Certification recommendations,4–5,5–10 hours,Afternoon,Yes,90,Travel,3–5,1,Closest deadline,No,time,Almost Never,Fairly often,Very often,Fairly often,Sometimes,Sometimes,Sometimes,Sometimes,Almost Never,Almost Never,5,Sometimes,2,25,150,60,Improve flexibility / mobility,Lightly active,0,Stretching / mobility,No limitations,,Exercise mat,46–60 minutes,2,Lack of motivation,Increase protein intake,Sri Lankan meals,Non Vegetraian,University cafeteria / canteen,,,,,,,,,,,
03/09/2026 21:01:36,1st Year Undergraduate,Intern/Trainee,Health Science/Medicine,Nursing/Health Sciences,Improving,Business/Management,software Engineer,2,Yes,lawyer,2,2,3,4,3,3,3,4,2,Practising with projects,Weekly,Yes,Competition,Coordinator,No,,Certification recommendations,4–5,5–10 hours,Afternoon,Yes,90,Travel,3–5,1,Closest deadline,No,time,Almost Never,Fairly often,Very often,Fairly often,Sometimes,Sometimes,Sometimes,Sometimes,Almost Never,Almost Never,5,Sometimes,2,25,150,60,Improve flexibility / mobility,Lightly active,0,Stretching / mobility,No limitations,,Exercise mat,46–60 minutes,2,Lack of motivation,Increase protein intake,Sri Lankan meals,Non Vegetraian,University cafeteria / canteen,,,,,,,,,,,
03/09/2026 21:01:38,1st Year Undergraduate,Intern/Trainee,Health Science/Medicine,Nursing/Health Sciences,Improving,Business/Management,software Engineer,2,Yes,lawyer,2,2,3,4,3,3,3,4,2,Practising with projects,Weekly,Yes,Competition,Coordinator,No,,Certification recommendations,4–5,5–10 hours,Afternoon,Yes,90,Travel,3–5,1,Closest deadline,No,time,Almost Never,Fairly often,Very often,Fairly often,Sometimes,Sometimes,Sometimes,Sometimes,Almost Never,Almost Never,5,Sometimes,2,25,150,60,Improve flexibility / mobility,Lightly active,0,Stretching / mobility,No limitations,,Exercise mat,46–60 minutes,2,Lack of motivation,Increase protein intake,Sri Lankan meals,Non Vegetraian,University cafeteria / canteen,,,,,,,,,,,
03/09/2026 21:01:40,1st Year Undergraduate,Intern/Trainee,Health Science/Medicine,Nursing/Health Sciences,Improving,Business/Management,software Engineer,2,Yes,lawyer,2,2,3,4,3,3,3,4,2,Practising with projects,Weekly,Yes,Competition,Coordinator,No,,Certification recommendations,4–5,5–10 hours,Afternoon,Yes,90,Travel,3–5,1,Closest deadline,No,time,Almost Never,Fairly often,Very often,Fairly often,Sometimes,Sometimes,Sometimes,Sometimes,Almost Never,Almost Never,5,Sometimes,2,25,150,60,Improve flexibility / mobility,Lightly active,0,Stretching / mobility,No limitations,,Exercise mat,46–60 minutes,2,Lack of motivation,Increase protein intake,Sri Lankan meals,Non Vegetraian,University cafeteria / canteen,,,,,,,,,,,
03/09/2026 21:01:41,1st Year Undergraduate,Intern/Trainee,Health Science/Medicine,Nursing/Health Sciences,Improving,Business/Management,software Engineer,2,Yes,lawyer,2,2,3,4,3,3,3,4,2,Practising with projects,Weekly,Yes,Competition,Coordinator,No,,Certification recommendations,4–5,5–10 hours,Afternoon,Yes,90,Travel,3–5,1,Closest deadline,No,time,Almost Never,Fairly often,Very often,Fairly often,Sometimes,Sometimes,Sometimes,Sometimes,Almost Never,Almost Never,5,Sometimes,2,25,150,60,Improve flexibility / mobility,Lightly active,0,Stretching / mobility,No limitations,,Exercise mat,46–60 minutes,2,Lack of motivation,Increase protein intake,Sri Lankan meals,Non Vegetraian,University cafeteria / canteen,,,,,,,,,,,
03/09/2026 21:01:43,1st Year Undergraduate,Intern/Trainee,Health Science/Medicine,Nursing/Health Sciences,Improving,Business/Management,software Engineer,2,Yes,lawyer,2,2,3,4,3,3,3,4,2,Practising with projects,Weekly,Yes,Competition,Coordinator,No,,Certification recommendations,4–5,5–10 hours,Afternoon,Yes,90,Travel,3–5,1,Closest deadline,No,time,Almost Never,Fairly often,Very often,Fairly often,Sometimes,Sometimes,Sometimes,Sometimes,Almost Never,Almost Never,5,Sometimes,2,25,150,60,Improve flexibility / mobility,Lightly active,0,Stretching / mobility,No limitations,,Exercise mat,46–60 minutes,2,Lack of motivation,Increase protein intake,Sri Lankan meals,Non Vegetraian,University cafeteria / canteen,,,,,,,,,,,
03/09/2026 21:01:45,1st Year Undergraduate,Intern/Trainee,Health Science/Medicine,Nursing/Health Sciences,Improving,Business/Management,software Engineer,2,Yes,lawyer,2,2,3,4,3,3,3,4,2,Practising with projects,Weekly,Yes,Competition,Coordinator,No,,Certification recommendations,4–5,5–10 hours,Afternoon,Yes,90,Travel,3–5,1,Closest deadline,No,time,Almost Never,Fairly often,Very often,Fairly often,Sometimes,Sometimes,Sometimes,Sometimes,Almost Never,Almost Never,5,Sometimes,2,25,150,60,Improve flexibility / mobility,Lightly active,0,Stretching / mobility,No limitations,,Exercise mat,46–60 minutes,2,Lack of motivation,Increase protein intake,Sri Lankan meals,Non Vegetraian,University cafeteria / canteen,,,,,,,,,,,
03/09/2026 21:01:46,1st Year Undergraduate,Intern/Trainee,Health Science/Medicine,Nursing/Health Sciences,Improving,Business/Management,software Engineer,2,Yes,lawyer,2,2,3,4,3,3,3,4,2,Practising with projects,Weekly,Yes,Competition,Coordinator,No,,Certification recommendations,4–5,5–10 hours,Afternoon,Yes,90,Travel,3–5,1,Closest deadline,No,time,Almost Never,Fairly often,Very often,Fairly often,Sometimes,Sometimes,Sometimes,Sometimes,Almost Never,Almost Never,5,Sometimes,2,25,150,60,Improve flexibility / mobility,Lightly active,0,Stretching / mobility,No limitations,,Exercise mat,46–60 minutes,2,Lack of motivation,Increase protein intake,Sri Lankan meals,Non Vegetraian,University cafeteria / canteen,,,,,,,,,,,
03/09/2026 21:01:48,1st Year Undergraduate,Intern/Trainee,Health Science/Medicine,Nursing/Health Sciences,Improving,Business/Management,software Engineer,2,Yes,lawyer,2,2,3,4,3,3,3,4,2,Practising with projects,Weekly,Yes,Competition,Coordinator,No,,Certification recommendations,4–5,5–10 hours,Afternoon,Yes,90,Travel,3–5,1,Closest deadline,No,time,Almost Never,Fairly often,Very often,Fairly often,Sometimes,Sometimes,Sometimes,Sometimes,Almost Never,Almost Never,5,Sometimes,2,25,150,60,Improve flexibility / mobility,Lightly active,0,Stretching / mobility,No limitations,,Exercise mat,46–60 minutes,2,Lack of motivation,Increase protein intake,Sri Lankan meals,Non Vegetraian,University cafeteria / canteen,,,,,,,,,,,
03/09/2026 21:01:50,1st Year Undergraduate,Intern/Trainee,Health Science/Medicine,Nursing/Health Sciences,Improving,Business/Management,software Engineer,2,Yes,lawyer,2,2,3,4,3,3,3,4,2,Practising with projects,Weekly,Yes,Competition,Coordinator,No,,Certification recommendations,4–5,5–10 hours,Afternoon,Yes,90,Travel,3–5,1,Closest deadline,No,time,Almost Never,Fairly often,Very often,Fairly often,Sometimes,Sometimes,Sometimes,Sometimes,Almost Never,Almost Never,5,Sometimes,2,25,150,60,Improve flexibility / mobility,Lightly active,0,Stretching / mobility,No limitations,,Exercise mat,46–60 minutes,2,Lack of motivation,Increase protein intake,Sri Lankan meals,Non Vegetraian,University cafeteria / canteen,,,,,,,,,,,
03/09/2026 21:01:52,1st Year Undergraduate,Intern/Trainee,Health Science/Medicine,Nursing/Health Sciences,Improving,Business/Management,software Engineer,2,Yes,lawyer,2,2,3,4,3,3,3,4,2,Practising with projects,Weekly,Yes,Competition,Coordinator,No,,Certification recommendations,4–5,5–10 hours,Afternoon,Yes,90,Travel,3–5,1,Closest deadline,No,time,Almost Never,Fairly often,Very often,Fairly often,Sometimes,Sometimes,Sometimes,Sometimes,Almost Never,Almost Never,5,Sometimes,2,25,150,60,Improve flexibility / mobility,Lightly active,0,Stretching / mobility,No limitations,,Exercise mat,46–60 minutes,2,Lack of motivation,Increase protein intake,Sri Lankan meals,Non Vegetraian,University cafeteria / canteen,,,,,,,,,,,
03/09/2026 21:01:53,1st Year Undergraduate,Intern/Trainee,Health Science/Medicine,Nursing/Health Sciences,Improving,Business/Management,software Engineer,2,Yes,lawyer,2,2,3,4,3,3,3,4,2,Practising with projects,Weekly,Yes,Competition,Coordinator,No,,Certification recommendations,4–5,5–10 hours,Afternoon,Yes,90,Travel,3–5,1,Closest deadline,No,time,Almost Never,Fairly often,Very often,Fairly often,Sometimes,Sometimes,Sometimes,Sometimes,Almost Never,Almost Never,5,Sometimes,2,25,150,60,Improve flexibility / mobility,Lightly active,0,Stretching / mobility,No limitations,,Exercise mat,46–60 minutes,2,Lack of motivation,Increase protein intake,Sri Lankan meals,Non Vegetraian,University cafeteria / canteen,,,,,,,,,,,
03/09/2026 21:01:55,1st Year Undergraduate,Intern/Trainee,Health Science/Medicine,Nursing/Health Sciences,Improving,Business/Management,software Engineer,2,Yes,lawyer,2,2,3,4,3,3,3,4,2,Practising with projects,Weekly,Yes,Competition,Coordinator,No,,Certification recommendations,4–5,5–10 hours,Afternoon,Yes,90,Travel,3–5,1,Closest deadline,No,time,Almost Never,Fairly often,Very often,Fairly often,Sometimes,Sometimes,Sometimes,Sometimes,Almost Never,Almost Never,5,Sometimes,2,25,150,60,Improve flexibility / mobility,Lightly active,0,Stretching / mobility,No limitations,,Exercise mat,46–60 minutes,2,Lack of motivation,Increase protein intake,Sri Lankan meals,Non Vegetraian,University cafeteria / canteen,,,,,,,,,,,
03/09/2026 21:01:57,1st Year Undergraduate,Intern/Trainee,Health Science/Medicine,Nursing/Health Sciences,Improving,Business/Management,software Engineer,2,Yes,lawyer,2,2,3,4,3,3,3,4,2,Practising with projects,Weekly,Yes,Competition,Coordinator,No,,Certification recommendations,4–5,5–10 hours,Afternoon,Yes,90,Travel,3–5,1,Closest deadline,No,time,Almost Never,Fairly often,Very often,Fairly often,Sometimes,Sometimes,Sometimes,Sometimes,Almost Never,Almost Never,5,Sometimes,2,25,150,60,Improve flexibility / mobility,Lightly active,0,Stretching / mobility,No limitations,,Exercise mat,46–60 minutes,2,Lack of motivation,Increase protein intake,Sri Lankan meals,Non Vegetraian,University cafeteria / canteen,,,,,,,,,,,
03/09/2026 21:01:58,1st Year Undergraduate,Intern/Trainee,Health Science/Medicine,Nursing/Health Sciences,Improving,Business/Management,software Engineer,2,Yes,lawyer,2,2,3,4,3,3,3,4,2,Practising with projects,Weekly,Yes,Competition,Coordinator,No,,Certification recommendations,4–5,5–10 hours,Afternoon,Yes,90,Travel,3–5,1,Closest deadline,No,time,Almost Never,Fairly often,Very often,Fairly often,Sometimes,Sometimes,Sometimes,Sometimes,Almost Never,Almost Never,5,Sometimes,2,25,150,60,Improve flexibility / mobility,Lightly active,0,Stretching / mobility,No limitations,,Exercise mat,46–60 minutes,2,Lack of motivation,Increase protein intake,Sri Lankan meals,Non Vegetraian,University cafeteria / canteen,,,,,,,,,,,
03/09/2026 21:02:00,1st Year Undergraduate,Intern/Trainee,Health Science/Medicine,Nursing/Health Sciences,Improving,Business/Management,software Engineer,2,Yes,lawyer,2,2,3,4,3,3,3,4,2,Practising with projects,Weekly,Yes,Competition,Coordinator,No,,Certification recommendations,4–5,5–10 hours,Afternoon,Yes,90,Travel,3–5,1,Closest deadline,No,time,Almost Never,Fairly often,Very often,Fairly often,Sometimes,Sometimes,Sometimes,Sometimes,Almost Never,Almost Never,5,Sometimes,2,25,150,60,Improve flexibility / mobility,Lightly active,0,Stretching / mobility,No limitations,,Exercise mat,46–60 minutes,2,Lack of motivation,Increase protein intake,Sri Lankan meals,Non Vegetraian,University cafeteria / canteen,,,,,,,,,,,
03/09/2026 21:02:02,1st Year Undergraduate,Intern/Trainee,Health Science/Medicine,Nursing/Health Sciences,Improving,Business/Management,software Engineer,2,Yes,lawyer,2,2,3,4,3,3,3,4,2,Practising with projects,Weekly,Yes,Competition,Coordinator,No,,Certification recommendations,4–5,5–10 hours,Afternoon,Yes,90,Travel,3–5,1,Closest deadline,No,time,Almost Never,Fairly often,Very often,Fairly often,Sometimes,Sometimes,Sometimes,Sometimes,Almost Never,Almost Never,5,Sometimes,2,25,150,60,Improve flexibility / mobility,Lightly active,0,Stretching / mobility,No limitations,,Exercise mat,46–60 minutes,2,Lack of motivation,Increase protein intake,Sri Lankan meals,Non Vegetraian,University cafeteria / canteen,,,,,,,,,,,
03/09/2026 21:02:04,1st Year Undergraduate,Intern/Trainee,Health Science/Medicine,Nursing/Health Sciences,Improving,Business/Management,software Engineer,2,Yes,lawyer,2,2,3,4,3,3,3,4,2,Practising with projects,Weekly,Yes,Competition,Coordinator,No,,Certification recommendations,4–5,5–10 hours,Afternoon,Yes,90,Travel,3–5,1,Closest deadline,No,time,Almost Never,Fairly often,Very often,Fairly often,Sometimes,Sometimes,Sometimes,Sometimes,Almost Never,Almost Never,5,Sometimes,2,25,150,60,Improve flexibility / mobility,Lightly active,0,Stretching / mobility,No limitations,,Exercise mat,46–60 minutes,2,Lack of motivation,Increase protein intake,Sri Lankan meals,Non Vegetraian,University cafeteria / canteen,,,,,,,,,,,
03/09/2026 21:02:05,1st Year Undergraduate,Intern/Trainee,Health Science/Medicine,Nursing/Health Sciences,Improving,Business/Management,software Engineer,2,Yes,lawyer,2,2,3,4,3,3,3,4,2,Practising with projects,Weekly,Yes,Competition,Coordinator,No,,Certification recommendations,4–5,5–10 hours,Afternoon,Yes,90,Travel,3–5,1,Closest deadline,No,time,Almost Never,Fairly often,Very often,Fairly often,Sometimes,Sometimes,Sometimes,Sometimes,Almost Never,Almost Never,5,Sometimes,2,25,150,60,Improve flexibility / mobility,Lightly active,0,Stretching / mobility,No limitations,,Exercise mat,46–60 minutes,2,Lack of motivation,Increase protein intake,Sri Lankan meals,Non Vegetraian,University cafeteria / canteen,,,,,,,,,,,
03/09/2026 21:02:07,1st Year Undergraduate,Intern/Trainee,Health Science/Medicine,Nursing/Health Sciences,Improving,Business/Management,software Engineer,2,Yes,lawyer,2,2,3,4,3,3,3,4,2,Practising with projects,Weekly,Yes,Competition,Coordinator,No,,Certification recommendations,4–5,5–10 hours,Afternoon,Yes,90,Travel,3–5,1,Closest deadline,No,time,Almost Never,Fairly often,Very often,Fairly often,Sometimes,Sometimes,Sometimes,Sometimes,Almost Never,Almost Never,5,Sometimes,2,25,150,60,Improve flexibility / mobility,Lightly active,0,Stretching / mobility,No limitations,,Exercise mat,46–60 minutes,2,Lack of motivation,Increase protein intake,Sri Lankan meals,Non Vegetraian,University cafeteria / canteen,,,,,,,,,,,
03/09/2026 21:02:09,1st Year Undergraduate,Intern/Trainee,Health Science/Medicine,Nursing/Health Sciences,Improving,Business/Management,software Engineer,2,Yes,lawyer,2,2,3,4,3,3,3,4,2,Practising with projects,Weekly,Yes,Competition,Coordinator,No,,Certification recommendations,4–5,5–10 hours,Afternoon,Yes,90,Travel,3–5,1,Closest deadline,No,time,Almost Never,Fairly often,Very often,Fairly often,Sometimes,Sometimes,Sometimes,Sometimes,Almost Never,Almost Never,5,Sometimes,2,25,150,60,Improve flexibility / mobility,Lightly active,0,Stretching / mobility,No limitations,,Exercise mat,46–60 minutes,2,Lack of motivation,Increase protein intake,Sri Lankan meals,Non Vegetraian,University cafeteria / canteen,,,,,,,,,,,
03/09/2026 21:02:10,1st Year Undergraduate,Intern/Trainee,Health Science/Medicine,Nursing/Health Sciences,Improving,Business/Management,software Engineer,2,Yes,lawyer,2,2,3,4,3,3,3,4,2,Practising with projects,Weekly,Yes,Competition,Coordinator,No,,Certification recommendations,4–5,5–10 hours,Afternoon,Yes,90,Travel,3–5,1,Closest deadline,No,time,Almost Never,Fairly often,Very often,Fairly often,Sometimes,Sometimes,Sometimes,Sometimes,Almost Never,Almost Never,5,Sometimes,2,25,150,60,Improve flexibility / mobility,Lightly active,0,Stretching / mobility,No limitations,,Exercise mat,46–60 minutes,2,Lack of motivation,Increase protein intake,Sri Lankan meals,Non Vegetraian,University cafeteria / canteen,,,,,,,,,,,
03/09/2026 21:04:25,2nd Year Undergraduate,Intern/Trainee,Computing,Software Engineering,Improving,Technology/Software,Software engineer ,3,No,,5,4,4,4,5,4,4,3,4,Lecturer guidance,Weekly,No,,,Planning to start,,"Career recommendation, Project ideas, Interview practice, CV guidance, Internship guidance",4–5,11–15 hours,Morning,No,,Social activities,3–5,3,Most important task,Yes,,Sometimes,Sometimes,Sometimes,Sometimes,Sometimes,Sometimes,Sometimes,Sometimes,Sometimes,Sometimes,6,Always,3,24,155,55,"Improve overall fitness, Increase physical activity, Improve strength, Manage body weight, Improve sleep",Lightly active,1,"Walking, Running / jogging, Cycling, Dance / Zumba",No limitations,,Outdoor walking / running area,Less than 15 minutes,5,"Academic workload, Lack of time, Lack of facilities / equipment, Lack of knowledge",Maintain healthy eating,Combination of both,No specific preference,Family-prepared meals,,,,,,,,,,,
03/09/2026 21:07:04,4th Year Undergraduate,Intern/Trainee,Computing,Information Technology,Stable,Business/Management,Se,1,No,,5,5,5,5,5,5,5,5,5,Practising with projects,Daily,Yes,"Sports, Clubs and societies, Media/Content Creation","Active Member, President/Captain",No,,"Skill gap analysis, Certification recommendations, Project ideas, Portfolio guidance",1–3,5–10 hours,Late Night,Yes,2,"Job, Family responsibilities, Social activities",3–5,3,Hardest task,No,Ni,Sometimes,Sometimes,Sometimes,Sometimes,Sometimes,Sometimes,Sometimes,Sometimes,Sometimes,Sometimes,8,Always,3,22,170,67,"Increase physical activity, Improve flexibility / mobility, Improve sleep",Very inactive,7,"Running / jogging, Home workouts",No limitations,,"No equipment, Outdoor walking / running area, Dumbbells / weights",Less than 15 minutes,2,"Academic workload, Lack of motivation, Cost","Manage body weight, Increase protein intake",International meals,Vegetarian,University cafeteria / canteen,,,,,,,,,,,
03/09/2026 21:18:05,4th Year Undergraduate,Full-Time Employee,Computing,Software Engineering,Stable,Technology/Software,SE,4,No,,4,4,4,4,4,4,4,4,4,Practising with projects,Daily,Yes,"Sports, Clubs and societies","Secretary/Treasurer, President/Captain, Team leader",Yes,"Academic project, Personal project, Research project, Volunteer work, Technical / practical work, Portfolio work","CV guidance, Internship guidance",1–3,Less than 5 hours,Morning,Yes,8,"Sports, Clubs / Societies, Family responsibilities, Social activities",More than 8,2,Hardest task,Maybe,Laziness ,Almost Never,Almost Never,Sometimes,Never,Almost Never,Almost Never,Almost Never,Almost Never,Almost Never,Almost Never,6,Often,4,23,170,55,"Improve strength, Improve flexibility / mobility",Very active,4,Sports,No limitations,,"Exercise mat, Resistance bands, Sports facilities",More than 60 minutes,5,Lack of time,Increase fruit and vegetable intake,Sri Lankan meals,No specific preference,Restaurants / takeaway,,,,,,,,,,,
03/09/2026 21:22:31,4th Year Undergraduate,Intern/Trainee,Computing,Data Science,Stable,Data/Analytics,Data scientist,4,No,,4,4,5,5,5,4,4,2,3,Practising with projects,Monthly,Yes,"Sports, Clubs and societies, Volunteering","President/Captain, Team leader",Yes,"Academic project, Personal project, Volunteer work, Portfolio work","Career recommendation, Skill gap analysis, Course recommendations, Project ideas",1–3,5–10 hours,Morning,Yes,40 hours,"Lectures / Labs, Job, Sports, Clubs / Societies, Social activities, Travel",1–2,5,Closest deadline,Maybe,"I do not have human intuition, so it is hard for me to know what a professor wants when assignment rules are vague",Sometimes,Fairly often,Almost Never,Almost Never,Fairly often,Sometimes,Sometimes,Sometimes,Almost Never,Sometimes,5,Rarely,3,25,167,67,"Improve flexibility / mobility, Maintain current wellbeing",Very active,8,"Walking, Running / jogging, Stretching / mobility, Sports",Prefer not to say,,"Outdoor walking / running area, Sports facilities",31–45 minutes,4,Lack of time,Support fitness,Combination of both,No specific preference,Combination,,,,,,,,,,,
03/09/2026 21:37:17,3rd Year Undergraduate,Unemployed,Sciene,Environmental Science ,Improving,Entrepreneurship,Teacher,5,Yes,Scientist ,3,5,5,5,5,5,5,5,5,Watching Videos,Daily,Yes,"Sports, Clubs and societies, Competition, Student leadership, Religious/social service activities","Member, Active Member",No,,"Skill gap analysis, Interview practice, Career roadmap",6–7,Less than 5 hours,Morning,No,,"Lectures / Labs, Travel",3–5,3,Closest deadline,Yes,Writing ,Almost Never,Almost Never,Almost Never,Almost Never,Almost Never,Almost Never,Almost Never,Almost Never,Almost Never,Almost Never,6,Often,3,23,171,55kg,"Improve overall fitness, Increase physical activity, Improve strength, Improve flexibility / mobility, Manage body weight, Improve sleep, Maintain current wellbeing",Very active,3,"Walking, Gym / strength training",No limitations,,"No equipment, Outdoor walking / running area, Exercise mat, Resistance bands, Dumbbells / weights, Gym / fitness centre, Sports facilities",Less than 15 minutes,3,Tiredness / lack of sleep,"Maintain healthy eating, Manage body weight, Improve nutritional quality, Increase protein intake, Increase fruit and vegetable intake, Support fitness",Combination of both,No specific preference,University cafeteria / canteen,,,,,,,,,,,
03/09/2026 21:46:08,4th Year Undergraduate,Intern/Trainee,Business/Management,Business Management,Improving,Data/Analytics,Bank Manager,5,No,,4,4,4,4,4,4,4,4,4,Lecturer guidance,Daily,Yes,"Clubs and societies, Volunteering",Coordinator,Currently following/working on one,"Academic project, Research project","Skill gap analysis, Interview practice, Career roadmap",4–5,5–10 hours,Morning,Yes,40,"Lectures / Labs, Job",1–2,5,Closest deadline,Maybe,,Sometimes,Sometimes,Sometimes,Sometimes,Sometimes,Sometimes,Sometimes,Sometimes,Sometimes,Sometimes,6,Sometimes,5,24,150,43,Improve overall fitness,Very inactive,5,Walking,No limitations,,No equipment,15–30 minutes,3,"Academic workload, Lack of time, Lack of motivation, Tiredness / lack of sleep","Manage body weight, Increase fruit and vegetable intake",Combination of both,No specific preference,Combination,,,,,,,,,,,
03/09/2026 21:47:06,3rd Year Undergraduate,Fresh Graduate, Environmental science ,Environmental science (hons),Improving,Government/ Public Sector,Teacher,4,No,,1,2,2,2,3,1,1,1,2,Group discussions,Rarely,No,,,No,,"Career recommendation, Internship guidance, Career change guidance",6–7,Less than 5 hours,Morning,No,,"Family responsibilities, Social activities, Travel",3–5,3,Closest deadline,Yes,Time management and practical works,Sometimes,Sometimes,Very often,Sometimes,Sometimes,Sometimes,Fairly often,Sometimes,Fairly often,Sometimes,7 hours,Often,3,23,164,42,Manage body weight,Lightly active,1,Walking,No limitations,,No equipment,Less than 15 minutes,2,"Lack of time, Stress, Lack of facilities / equipment, Cost","Maintain healthy eating, Increase protein intake, Increase fruit and vegetable intake",Sri Lankan meals,Non Vegetraian,University cafeteria / canteen,,,,,,,,,,,
03/09/2026 21:47:17,3rd Year Undergraduate,Unemployed,Sciene,Environmental Science (Applied Science),Stable,Not sure yet,Environmental officer ,3,Yes,Teacher,3,3,4,3,3,4,4,2,3,Practical/laboratory work,Rarely,No,,,No,,"Interview practice, CV guidance, Internship guidance",6–7,Less than 5 hours,Morning,No,,Social activities,3–5,5,Task I like most,Yes,"multiple university assignments, practical work, and deadlines at the same time",Sometimes,Sometimes,Fairly often,Sometimes,Sometimes,Sometimes,Almost Never,Almost Never,Never,Almost Never,7 hours ,Often,1,25,159,60Kg,"Improve overall fitness, Improve strength, Manage body weight",Lightly active,3,Walking,No limitations,,"No equipment, Outdoor walking / running area",15–30 minutes,4,"Academic workload, Lack of time, Lack of motivation","Maintain healthy eating, Manage body weight, Support fitness",Sri Lankan meals,Non Vegetraian,University cafeteria / canteen,,,,,,,,,,,
03/09/2026 21:55:02,4th Year Undergraduate,Unemployed,Computing,Information Technology,Declining,Technology/Software,Digital artist ,5,Yes,Software engineer ,4,5,5,5,3,4,3,3,5,Watching Videos,Monthly,No,,,Yes,Technical / practical work,"Career roadmap, Career change guidance",More than 7,Less than 5 hours,Late Night,Yes,14,"Lectures / Labs, Job",6–8,3,Closest deadline,Yes,,Sometimes,Sometimes,Sometimes,Fairly often,Very often,Fairly often,Fairly often,Fairly often,Fairly often,Fairly often,9,Often,5,27,180,17,Improve overall fitness,Very active,2,"Walking, Home workouts",No limitations,,"No equipment, Outdoor walking / running area",15–30 minutes,4,"Academic workload, Cost","Maintain healthy eating, Increase protein intake",Sri Lankan meals,Non Vegetraian,Restaurants / takeaway,,,,,,,,,,,
03/09/2026 21:59:58,4th Year Undergraduate,Intern/Trainee,Computing,Information Technology,Improving,Technology/Software,Software Engineer,4,No,,3,2,3,2,3,2,3,3,2,Watching Videos,Weekly,No,,,Yes,Academic project,Course recommendations,6–7,5–10 hours,Evening,No,,Lectures / Labs,3–5,4,Easiest task,Yes,Lack of time,Sometimes,Fairly often,Very often,Very often,Fairly often,Sometimes,Fairly often,Sometimes,Sometimes,Sometimes,5,Sometimes,4,26,169,53,Improve strength,Highly active,6,Home workouts,Yes,Upper-body movements,No equipment,46–60 minutes,5,Lack of time,Support fitness,Sri Lankan meals,No specific preference,Combination,,,,,,,,,,,
03/09/2026 22:01:50,3rd Year Undergraduate,Unemployed,Sciene,Environmental Science ,Stable,Not sure yet,Environmental officer ,4,Yes,Nurse ,3,4,4,4,4,4,3,3,3,Practical/laboratory work,Rarely,No,,,Yes,Laboratory / field work,"Interview practice, CV guidance, Internship guidance",6–7,Less than 5 hours,Morning,No,,Social activities,3–5,5,Task I like most,Yes,Many task same time,Sometimes,Sometimes,Sometimes,Fairly often,Sometimes,Sometimes,Sometimes,Sometimes,Fairly often,Sometimes,7,Sometimes,1,24,148,42,"Improve overall fitness, Improve strength, Improve flexibility / mobility",Lightly active,3,"Walking, Running / jogging",Yes,Flexibility / mobility,"No equipment, Outdoor walking / running area",15–30 minutes,3,"Academic workload, Lack of time, Lack of motivation","Maintain healthy eating, Improve nutritional quality, Support fitness",Sri Lankan meals,Non Vegetraian,University cafeteria / canteen,,,,,,,,,,,
03/09/2026 22:05:52,3rd Year Undergraduate,Unemployed,Sciene,Environmental science ,Improving,Government/ Public Sector,Government officers ,4,No,,4,4,3,3,4,3,3,3,3,Group discussions,Monthly,No,,,Yes,Laboratory / field work,"Skill gap analysis, Project ideas, Interview practice",6–7,5–10 hours,Evening,No,,Family responsibilities,3–5,5,No clear method,Maybe,,Very often,Very often,Very often,Sometimes,Sometimes,Almost Never,Almost Never,Sometimes,Very often,Sometimes,6 to 7,Sometimes,4,23,154,51,"Improve strength, Manage body weight, Maintain current wellbeing",Very active,0,"Walking, Home workouts",No limitations,,No equipment,31–45 minutes,3,"Academic workload, Lack of motivation, Stress","Maintain healthy eating, Manage body weight",Sri Lankan meals,No specific preference,Combination,,,,,,,,,,,
03/09/2026 22:05:54,3rd Year Undergraduate,Unemployed,Sciene,Environmental science,Improving,Government/ Public Sector,Government employer ,5,Not Sure,,4,4,4,4,4,4,4,4,4,Group discussions,Daily,No,,,No,,"Project ideas, Interview practice, Internship guidance",6–7,5–10 hours,Evening,No,,Family responsibilities,3–5,5,No clear method,Maybe,,Very often,Very often,Very often,Never,Sometimes,Never,Very often,Sometimes,Very often,Sometimes,6-7 hours ,Sometimes,4,23 years,153cm,53kg,"Increase physical activity, Improve strength",Very active,1,"Walking, Home workouts",No limitations,,No equipment,31–45 minutes,4,"Academic workload, Lack of motivation, Stress","Maintain healthy eating, Manage body weight",Sri Lankan meals,No specific preference,Combination,,,,,,,,,,,
03/09/2026 22:08:09,3rd Year Undergraduate,Unemployed,Sciene,Applied science ,Improving,Not sure yet,Government job ,4,Yes,Lecturer ,3,4,3,3,4,3,3,3,3,Practising with projects,Rarely,Yes,"Sports, Clubs and societies, Volunteering, Competition","Member, Volunteer",No,,"Skill gap analysis, Interview practice, CV guidance",6–7,5–10 hours,Late Night,No,,Family responsibilities,3–5,5,No clear method,Yes,,Very often,Very often,Very often,Never,Sometimes,Never,Almost Never,Sometimes,Very often,Sometimes,6-7 ,Rarely,4,24,150,47kg,"Manage body weight, Improve sleep",Moderately active,2,Walking,No limitations,,Outdoor walking / running area,15–30 minutes,4,Lack of time,"Maintain healthy eating, Manage body weight",Sri Lankan meals,Non Vegetraian,Combination,,,,,,,,,,,
03/09/2026 22:17:09,3rd Year Undergraduate,Fresh Graduate,Sciene,Psycology,Improving,Psycology/Counselling,Psychologist ,3,Yes,Medical doctor ,5,4,5,4,5,5,4,5,4,Reading notes/ articles,Rarely,Yes,Sports,Member,Currently following/working on one,"Academic project, Research project, Laboratory / field work","Career recommendation, Interview practice, Career roadmap",1–3,Less than 5 hours,Evening,No,,Lectures / Labs,1–2,5,Closest deadline,Yes,time-strapped,Fairly often,Very often,Fairly often,Fairly often,Almost Never,Almost Never,Sometimes,Sometimes,Never,Sometimes,8,Never,1,25,155,45,"Improve overall fitness, Increase physical activity, Improve strength, Improve flexibility / mobility, Manage body weight, Improve sleep, Maintain current wellbeing",Moderately active,2,"Walking, Home workouts, Gym / strength training, Yoga, Stretching / mobility, Sports, Dance / Zumba",No limitations,,"Exercise mat, Resistance bands, Sports facilities",More than 60 minutes,5,"Academic workload, Lack of time, Tiredness / lack of sleep, Lack of facilities / equipment, Cost, Lack of knowledge","Improve nutritional quality, Increase protein intake, Support fitness",Combination of both,No specific preference,Combination,,,,,,,,,,,
03/09/2026 22:19:50,3rd Year Undergraduate,Unemployed,Health Science/Medicine,Dentistry ,Not sure/Too early to tell,Healthcare/Medicine,Dentist,5,No,,4,4,4,4,4,3,3,4,4,Reading notes/ articles,Weekly,Yes,"Sports, Clubs and societies, Competition, Debating/Public Speaking, Media/Content Creation, Performing arts, Student leadership, Religious/social service activities","Member, Active Member, Coordinator, President/Captain, Team leader, Organiser, Volunteer",Yes,"Academic project, Personal project, Research project, Technical / practical work, Laboratory / field work, Case study / report","Career recommendation, Course recommendations, Certification recommendations, Project ideas, Portfolio guidance, Interview practice, CV guidance, Internship guidance, Career roadmap",More than 7,5–10 hours,Late Night,No,,Social activities,6–8,5,Most important task,Yes,,Almost Never,Almost Never,Almost Never,Almost Never,Almost Never,Almost Never,Almost Never,Almost Never,Almost Never,Almost Never,6,Sometimes,4,22,154,47,"Improve overall fitness, Increase physical activity, Improve strength, Improve flexibility / mobility, Manage body weight, Improve sleep, Maintain current wellbeing",Moderately active,6,"Walking, Cycling, Gym / strength training, Sports",Yes,Lower-body movements,"Outdoor walking / running area, Exercise mat, Dumbbells / weights, Sports facilities",31–45 minutes,5,"Academic workload, Tiredness / lack of sleep, Stress","Maintain healthy eating, Manage body weight, Improve nutritional quality, Increase protein intake",Combination of both,Non Vegetraian,Cook at home,,,,,,,,,,,
03/09/2026 22:26:57,2nd Year Undergraduate,Unemployed,Sciene,Biological Science ,Improving,Research/Academia,Scientist,4,Not Sure,,4,3,5,5,5,5,5,4,5,Group discussions,Monthly,Yes,"Sports, Clubs and societies, Volunteering, Competition, Academic societies","Member, Coordinator, Secretary/Treasurer, Volunteer",Yes,"Academic project, Volunteer work","Skill gap analysis, Interview practice, Internship guidance",1–3,5–10 hours,Late Night,No,,"Sports, Social activities",3–5,4,Most important task,Yes,,Fairly often,Fairly often,Very often,Sometimes,Sometimes,Sometimes,Almost Never,Sometimes,Almost Never,Sometimes,6,Sometimes,4,22,170,67,"Manage body weight, Maintain current wellbeing",Lightly active,1-2,"Walking, Running / jogging, Home workouts, Sports",No limitations,,"Outdoor walking / running area, Exercise mat, Resistance bands",15–30 minutes,4,"Academic workload, Lack of time, Lack of facilities / equipment, Cost",Maintain healthy eating,Combination of both,No specific preference,Combination,,,,,,,,,,,
03/09/2026 22:42:59,3rd Year Undergraduate,Unemployed,Health Science/Medicine,Nursing/Health Sciences,Declining,Entrepreneurship,Entrepreneur ,5,Yes,Law enforcement ,4,3,4,3,4,3,3,3,2,Watching Videos,Rarely,No,,,No,,Career change guidance,1–3,Less than 5 hours,Late Night,No,,Travel,3–5,4,Closest deadline,Yes,Getting interest to finish them,Sometimes,Sometimes,Almost Never,Very often,Sometimes,Almost Never,Sometimes,Almost Never,Fairly often,Almost Never,5,Sometimes,4,21,169,72,Improve overall fitness,Very active,6,"Running / jogging, Home workouts, Gym / strength training",No limitations,,"Outdoor walking / running area, Dumbbells / weights",More than 60 minutes,4,Tiredness / lack of sleep,Increase fruit and vegetable intake,Combination of both,Non Vegetraian,Combination,,,,,,,,,,,
03/09/2026 23:02:24,4th Year Undergraduate,Unemployed,Business/Management,Management information systems ,Stable,Business/Management,HR,4,Yes,Business Analyst,3,2,3,3,3,3,3,3,3,Watching Videos,Monthly,Yes,Sports,"Member, Active Member, Coordinator, President/Captain, Organiser",Yes,"Academic project, Research project","Career recommendation, Internship guidance, Career roadmap",1–3,5–10 hours,Late Night,No,,"Sports, Social activities",3–5,3,Closest deadline,Maybe,,Very often,Very often,Very often,Almost Never,Sometimes,Fairly often,Sometimes,Fairly often,Very often,Very often,8,Often,2,24,166,55,"Improve overall fitness, Increase physical activity, Improve strength, Improve flexibility / mobility, Manage body weight, Improve sleep, Maintain current wellbeing, Improve mental health",Moderately active,0,"Gym / strength training, Sports",No limitations,,Gym / fitness centre,More than 60 minutes,5,"Lack of time, Stress","Maintain healthy eating, Manage body weight, Improve nutritional quality, Increase protein intake, Increase fruit and vegetable intake, Support fitness",Combination of both,Non Vegetraian,Cook at home,,,,,,,,,,,
03/09/2026 23:32:35,3rd Year Undergraduate,Unemployed,Computing,Information Technology,Declining,Data/Analytics,data engineer,1,Not Sure,,5,4,4,5,5,4,2,3,2,AI Guidance,Rarely,Yes,"Clubs and societies, Volunteering",President/Captain,Currently following/working on one,"Academic project, Research project, Technical / practical work","Career recommendation, Internship guidance, Career roadmap",4–5,Less than 5 hours,Late Night,Yes,20,Family responsibilities,More than 8,3,Closest deadline,Yes,Stress Management and Financial Issues,Very often,Very often,Very often,Sometimes,Never,Sometimes,Sometimes,Never,Sometimes,Sometimes,8,Always,5,22,174,83,"Improve overall fitness, Manage body weight",Lightly active,0,Walking,Yes,High-impact activities,No equipment,Less than 15 minutes,3,"Lack of motivation, Stress",Maintain healthy eating,Combination of both,No specific preference,Family-prepared meals,,,,,,,,,,,
04/09/2026 00:49:16,2nd Year Undergraduate,Fresh Graduate,Computing,Information Technology,Improving,Data/Analytics,security engineer,4,No,,3,3,3,3,3,3,3,3,3,Group discussions,Weekly,Yes,"Sports, Clubs and societies, Volunteering, Competition, Media/Content Creation, Performing arts, Student leadership, Religious/social service activities","Active Member, Team leader, Organiser, Volunteer",Currently following/working on one,"Academic project, Volunteer work, Case study / report","Certification recommendations, Project ideas, Career roadmap",4–5,5–10 hours,Late Night,No,,"Lectures / Labs, Sports, Clubs / Societies",3–5,3,Closest deadline,Yes,,Sometimes,Sometimes,Almost Never,Fairly often,Sometimes,Sometimes,Fairly often,Sometimes,Sometimes,Sometimes,5,Often,3,21,163,52kg,Improve overall fitness,Highly active,2,"Walking, Running / jogging, Sports",No limitations,,Sports facilities,15–30 minutes,3,"Academic workload, Lack of time, Tiredness / lack of sleep",Support fitness,Sri Lankan meals,No specific preference,Cook at home,Often,Sometimes,Sometimes,Sometimes,Sometimes,Sometimes,Sometimes,Sometimes,Sometimes,Sometimes,
04/09/2026 01:07:57,2nd Year Undergraduate,Unemployed,Health Science/Medicine,Nursing/Health Sciences,Stable,Healthcare/Medicine,Doctor,4,Yes,Lawyer,3,4,3,5,5,4,4,5,4,Lecturer guidance,Rarely,Yes,"Sports, Competition",Active Member,Yes,Portfolio work,"Skill gap analysis, Certification recommendations, Internship guidance",More than 7,16–20 hours,Late Night,No,,Sports,6–8,5,Most important task,Yes,,Sometimes,Almost Never,Sometimes,Sometimes,Fairly often,Almost Never,Almost Never,Almost Never,Almost Never,Sometimes,5,Sometimes,4,17,155,62,"Improve overall fitness, Increase physical activity, Manage body weight, Improve sleep",Very active,2,Sports,No limitations,,No equipment,More than 60 minutes,4,"Lack of time, Tiredness / lack of sleep","Maintain healthy eating, Increase fruit and vegetable intake",Combination of both,No specific preference,Combination,Never,Never,Sometimes,Seldom,Seldom,Never,Seldom,Never,Never,Never,
04/09/2026 02:45:47,2nd Year Undergraduate,Full-Time Employee,Computing,Cyber security ,Stable,Technology/Software,GRC Analyst,4,Yes,Video editor ,3,3,3,3,3,3,3,3,3,Watching Videos,Weekly,No,,,Yes,"Academic project, Personal project, Business / entrepreneurship activity, Portfolio work","Skill gap analysis, Course recommendations, Certification recommendations",4–5,More than 20 hours,Late Night,Yes,4,"Family responsibilities, Social activities",3–5,5,Closest deadline,Yes,,Sometimes,Very often,Sometimes,Very often,Fairly often,Never,Never,Never,Never,Never,8,Always,5,23,170,73,"Improve overall fitness, Increase physical activity, Improve strength, Improve flexibility / mobility",Moderately active,3,"Gym / strength training, Stretching / mobility, Sports, Batminton",No limitations,,"Dumbbells / weights, Gym / fitness centre, Sports facilities",15–30 minutes,3,"Lack of time, Lack of motivation, Tiredness / lack of sleep","Maintain healthy eating, Manage body weight, Improve nutritional quality, Increase protein intake",Combination of both,No specific preference,Combination,Often,Often,Often,Always,Often,Always,Sometimes,Always,Always,Always,
04/09/2026 03:32:14,4th Year Undergraduate,Full-Time Employee,Computing,Information Technology,Stable,Technology/Software,Cybersecurity Engineer,5,Yes,Chartered Accountant,5,5,5,5,5,4,4,5,4,Trial and Error,Weekly,Yes,"Sports, Clubs and societies, Competition, Technical communities","Coordinator, Secretary/Treasurer",Yes,Technical / practical work,"Skill gap analysis, Course recommendations, Certification recommendations",1–3,Less than 5 hours,Afternoon,Yes,45h,"Job, Social activities",1–2,4,Closest deadline,Yes,Planning,Sometimes,Almost Never,Almost Never,Very often,Fairly often,Almost Never,Almost Never,Fairly often,Almost Never,Almost Never,5,Sometimes,3,25,175,85,Improve overall fitness,Lightly active,2,"Walking, Running / jogging, Gym / strength training",No limitations,,"Outdoor walking / running area, Exercise mat, Dumbbells / weights, Gym / fitness centre",More than 60 minutes,3,"Academic workload, Tiredness / lack of sleep","Maintain healthy eating, Manage body weight, Improve nutritional quality",Combination of both,Non Vegetraian,Cook at home,Often,Sometimes,Often,Sometimes,Sometimes,Sometimes,Sometimes,Often,Sometimes,Often,
04/09/2026 06:33:37,4th Year Undergraduate,Intern/Trainee,Computing,Data Science,Declining,Entrepreneurship,AI Engineer,3,Yes,ML Engineer,3,2,3,1,2,1,1,2,3,Practising with projects,Rarely,Yes,Sports,Active Member,No,,"Skill gap analysis, Certification recommendations",1–3,Less than 5 hours,Morning,No,,I don't have a study schedule,3–5,4,Closest deadline,Maybe,,Sometimes,Fairly often,Very often,Very often,Fairly often,Sometimes,Fairly often,Sometimes,Sometimes,Sometimes,7,Sometimes,4,25,175,72.2,"Improve overall fitness, Improve strength, Improve flexibility / mobility",Lightly active,2,"Walking, Home workouts",No limitations,,Dumbbells / weights,More than 60 minutes,3,"Academic workload, Tiredness / lack of sleep, Cost",Maintain healthy eating,International meals,Non Vegetraian,Family-prepared meals,Always,Often,Always,Sometimes,Always,Seldom,Sometimes,Sometimes,Often,Often,
04/09/2026 07:00:53,2nd Year Undergraduate,Fresh Graduate,Engineering,Mechanical engineering,Stable,Entrepreneurship,Market analyst ,3,Yes,Engineer ,5,4,3,4,3,2,3,1,3,Watching Videos,Monthly,Yes,Sports,"President/Captain, Team leader",Yes,Personal project,"Career recommendation, Portfolio guidance, Internship guidance, Career roadmap, Career change guidance",4–5,Less than 5 hours,Morning,No,,"Lectures / Labs, Sports, Social activities",3–5,4,Closest deadline,Yes,,Sometimes,Sometimes,Fairly often,Sometimes,Sometimes,Sometimes,Sometimes,Sometimes,Fairly often,Sometimes,8,Sometimes,4,18,181,87,"Improve overall fitness, Manage body weight",Moderately active,4,"Walking, Cycling, Home workouts, Sports",No limitations,,"Outdoor walking / running area, Dumbbells / weights, Gym / fitness centre, Sports facilities",46–60 minutes,3,Lack of motivation,"Maintain healthy eating, Increase protein intake",Sri Lankan meals,Non Vegetraian,Combination,Seldom,Seldom,Sometimes,Seldom,Sometimes,Seldom,Often,Sometimes,Often,Often,
04/09/2026 07:04:19,3rd Year Undergraduate,Unemployed,Health Science/Medicine,Nursing/Health Sciences,Improving,Healthcare/Medicine,Product manager ,3,Yes,NA,3,3,3,2,3,2,2,3,2,Group discussions,Daily,Yes,"Sports, Volunteering","Secretary/Treasurer, President/Captain",Yes,"Academic project, Personal project","Career recommendation, Skill gap analysis, Course recommendations",4–5,5–10 hours,Late Night,No,,Lectures / Labs,3–5,5,Closest deadline,Yes,Deadlines ,Sometimes,Sometimes,Almost Never,Sometimes,Almost Never,Sometimes,Never,Almost Never,Sometimes,Almost Never,7,Always,3,21,158,53,Improve overall fitness,Lightly active,3,Walking,No limitations,,"Outdoor walking / running area, Gym / fitness centre",31–45 minutes,3,Lack of time,"Maintain healthy eating, Manage body weight, Improve nutritional quality",Combination of both,No specific preference,Cook at home,Sometimes,Sometimes,Seldom,Seldom,Sometimes,Sometimes,Seldom,Sometimes,Seldom,Sometimes,
04/09/2026 07:15:48,4th Year Undergraduate,Intern/Trainee,Computing,Information Technology,Stable,Finance/Accounting,BA,4,Yes,Information Technology ,2,2,3,2,3,3,3,2,2,Watching Videos,Monthly,Yes,Sports,"Member, Active Member, Team leader",Currently following/working on one,"Academic project, Research project","Career recommendation, Skill gap analysis",1–3,Less than 5 hours,Morning,Yes,45,"Job, Social activities",1–2,4,Hardest task,Yes,,Sometimes,Sometimes,Fairly often,Sometimes,Fairly often,Sometimes,Fairly often,Fairly often,Fairly often,Fairly often,8,Sometimes,3,23,150,54,"Improve overall fitness, Improve sleep",Very active,2,Sports,No limitations,,Resistance bands,15–30 minutes,2,"Lack of time, Lack of motivation","Manage body weight, Improve nutritional quality, Increase protein intake",Combination of both,Non Vegetraian,Family-prepared meals,Often,Sometimes,Often,Often,Sometimes,Sometimes,Seldom,Sometimes,Sometimes,Sometimes,
04/09/2026 08:09:51,3rd Year Undergraduate,Unemployed,Computing,Information Systems ,Stable,Business/Management,Business Analyst ,4,Yes,Data Analyst ,4,4,4,4,4,4,3,4,3,Reading notes/ articles,Weekly,Yes,"Sports, Clubs and societies, Volunteering, Competition, Debating/Public Speaking, Student leadership, Technical communities, Academic societies",Secretary/Treasurer,Yes,Academic project,"Skill gap analysis, Interview practice, Career change guidance",More than 7,Less than 5 hours,Late Night,No,,"Lectures / Labs, Sports, Clubs / Societies, Family responsibilities",More than 8,5,Closest deadline,Maybe,,Sometimes,Sometimes,Fairly often,Sometimes,Fairly often,Very often,Sometimes,Sometimes,Almost Never,Almost Never,7,Sometimes,2,24,164,54,"Improve overall fitness, Increase physical activity, Improve strength, Improve flexibility / mobility, Manage body weight, Maintain current wellbeing",Moderately active,2,"Walking, Running / jogging, Home workouts, Gym / strength training, Yoga, Stretching / mobility, Sports",No limitations,,"Outdoor walking / running area, Exercise mat, Gym / fitness centre, Sports facilities",More than 60 minutes,5,Lack of time,"Maintain healthy eating, Support fitness",Sri Lankan meals,No specific preference,Cook at home,Often,Often,Often,Seldom,Seldom,Seldom,Often,Sometimes,Seldom,Often,
04/09/2026 08:25:58,1st Year Undergraduate,Intern/Trainee,Education,Marketing Management,Improving,Business/Management,Lawyer,3,Yes,,3,2,3,2,3,2,3,3,3,Group discussions,Monthly,Yes,Clubs and societies,Active Member,No,,Certification recommendations,4–5,5–10 hours,Afternoon,Yes,5,Clubs / Societies,6–8,4,Task I like most,Maybe,Problem solving ,Sometimes,Never,Sometimes,Almost Never,Sometimes,Almost Never,Sometimes,Sometimes,Almost Never,Sometimes,5,Sometimes,4,24,5’4,50,Increase physical activity,Moderately active,7,"Running / jogging, Home workouts, Dance / Zumba",No limitations,,Resistance bands,15–30 minutes,3,"Tiredness / lack of sleep, Cost","Maintain healthy eating, Increase protein intake, Increase fruit and vegetable intake",Combination of both,Vegetarian,Family-prepared meals,Seldom,Never,Seldom,Seldom,Never,Seldom,Never,Seldom,Never,Seldom,
04/09/2026 08:30:20,4th Year Undergraduate,Unemployed,Law,Law,Improving,Law/Legal,Lawyer,5,No,,5,5,4,5,5,4,4,5,4,Reading notes/ articles,Monthly,Yes,"Performing arts, Academic societies",Active Member,Yes,Research project,"Career recommendation, CV guidance, Internship guidance",1–3,5–10 hours,Late Night,No,,Lectures / Labs,6–8,4,Most important task,Maybe,,Almost Never,Never,Almost Never,Fairly often,Fairly often,Almost Never,Almost Never,Fairly often,Almost Never,Almost Never,5,Rarely,2,23,167,51,"Improve overall fitness, Improve strength",Very active,0,"Walking, Stretching / mobility",No limitations,,Outdoor walking / running area,15–30 minutes,4,"Academic workload, Lack of time","Maintain healthy eating, Improve nutritional quality",Combination of both,Non Vegetraian,Combination,Seldom,Sometimes,Seldom,Never,Never,Never,Sometimes,Sometimes,Sometimes,Often,
04/09/2026 09:07:03,4th Year Undergraduate,Intern/Trainee,Computing,Information Technology,Stable,Technology/Software,Application Support,3,Yes,Accountant,3,4,3,4,4,3,4,4,3,Practising with projects,Weekly,No,,,Yes,Academic project,"Career recommendation, Skill gap analysis, Project ideas, Career change guidance",4–5,Less than 5 hours,Late Night,Yes,45,"Lectures / Labs, Job, Family responsibilities, Travel",3–5,4,Closest deadline,Yes,,Sometimes,Fairly often,Fairly often,Sometimes,Sometimes,Fairly often,Sometimes,Sometimes,Fairly often,Fairly often,8,Always,4,23,157,45,"Improve overall fitness, Improve strength, Improve sleep, Maintain current wellbeing",Moderately active,1,"Walking, Cycling, Home workouts",No limitations,,No equipment,Less than 15 minutes,4,"Academic workload, Lack of time, Tiredness / lack of sleep","Maintain healthy eating, Manage body weight",Sri Lankan meals,No specific preference,Family-prepared meals,Always,Always,Often,Always,Often,Often,Often,Often,Sometimes,Always,
04/09/2026 09:12:38,4th Year Undergraduate,Intern/Trainee,Computing,Software Engineering,Improving,Technology/Software,Software Engineer ,5,Yes,Music,5,5,4,5,5,5,4,5,5,Watching Videos,Daily,Yes,"Sports, Clubs and societies, Volunteering, Debating/Public Speaking",Member,Yes,"Academic project, Portfolio work","Skill gap analysis, Course recommendations, Certification recommendations, Interview practice, CV guidance, Career roadmap",1–3,Less than 5 hours,Late Night,Yes,40,"Job, Clubs / Societies, Family responsibilities, Social activities, Travel",3–5,4,Most important task,Maybe,,Sometimes,Sometimes,Fairly often,Fairly often,Fairly often,Sometimes,Sometimes,Sometimes,Fairly often,Fairly often,7,Sometimes,3,22,165,60,"Improve flexibility / mobility, Manage body weight, Improve sleep",Moderately active,1,"Walking, Cycling, Sports",No limitations,,Outdoor walking / running area,15–30 minutes,3,"Lack of time, Lack of motivation, Stress",Maintain healthy eating,Combination of both,Non Vegetraian,Combination,Often,Often,Often,Often,Often,Often,Often,Often,Often,Often,
04/09/2026 09:26:15,2nd Year Undergraduate,Unemployed,Computing,Conputer Science,Declining,Design/Creative Industry,Still not sure,4,Yes,Mechanical Engineering ,4,4,4,4,4,5,4,5,5,Watching Videos,Weekly,Yes,"Sports, Clubs and societies, Volunteering, Media/Content Creation, Student leadership","Member, Active Member, Volunteer",Yes,Volunteer work,"Career recommendation, Portfolio guidance, Internship guidance",4–5,Less than 5 hours,Late Night,No,,"Clubs / Societies, Social activities",3–5,4,Closest deadline,Yes,Cannot focus into studies when other tasks come,Very often,Very often,Fairly often,Fairly often,Fairly often,Very often,Fairly often,Very often,Very often,Very often,10,Always,5,21,178,67,"Increase physical activity, Improve strength, Improve sleep",Moderately active,2,"Walking, Stretching / mobility, Sports",No limitations,,"Outdoor walking / running area, Exercise mat, Sports facilities",More than 60 minutes,3,"Academic workload, Lack of time, Lack of motivation, Tiredness / lack of sleep","Maintain healthy eating, Manage body weight",Combination of both,Non Vegetraian,Family-prepared meals,Often,Often,Always,Always,Always,Always,Often,Always,Always,Always,
04/09/2026 09:31:36,3rd Year Undergraduate,Full-Time Employee,Design/Creative Studies,Animation and Motion Graphics,Improving,Design/Creative Industry,Animator (not to be confused with graphic designing),4,No,,5,3,4,3,4,2,3,4,5,Practising with projects,Monthly,Yes,"Sports, Clubs and societies, Competition, Media/Content Creation, Performing arts",Member,Yes,"Academic project, Personal project, Research project, Portfolio work","Skill gap analysis, Course recommendations, Certification recommendations, Portfolio guidance, CV guidance",1–3,5–10 hours,Evening,Yes,Around 20 hours,"Lectures / Labs, Job, Family responsibilities, Travel",3–5,3,Easiest task,Yes,"Weekly feedback checkpoint requirements (from university) not aligning with my own schedule so I have to rearrange my plans and that can sometimes be mentally exhausting, especially when working on a tight schedule. ",Sometimes,Fairly often,Very often,Fairly often,Fairly often,Fairly often,Sometimes,Almost Never,Fairly often,Almost Never,6,Always,3,23,152.4,53,"Improve overall fitness, Increase physical activity, Improve strength",Moderately active,1,"Cycling, Stretching / mobility",No limitations,,No equipment,Less than 15 minutes,3,"Academic workload, Lack of time, Tiredness / lack of sleep, Lack of facilities / equipment, Cost",Maintain healthy eating,Combination of both,No specific preference,Family-prepared meals,Always,Always,Always,Often,Sometimes,Sometimes,Always,Sometimes,Always,Seldom,
04/09/2026 10:05:20,4th Year Undergraduate,Unemployed,Sciene,Biotechnology ,Stable,Entrepreneurship,Entrepreneur ,3,Not Sure,,3,4,3,4,4,4,3,4,3,Reading notes/ articles,Monthly,No,,,Yes,Research project,"Skill gap analysis, Portfolio guidance, Career roadmap",4–5,Less than 5 hours,Late Night,No,,"Social activities, Travel",3–5,3,Closest deadline,Yes,,Very often,Fairly often,Fairly often,Fairly often,Almost Never,Fairly often,Sometimes,Sometimes,Fairly often,Fairly often,5,Often,4,23,152,51,"Improve strength, Improve flexibility / mobility",Lightly active,0,Walking,No limitations,,No equipment,31–45 minutes,4,Lack of time,Improve nutritional quality,Combination of both,Non Vegetraian,Cook at home,Often,Often,Often,Often,Always,Often,Often,Always,Always,Always,
04/09/2026 10:17:25,4th Year Undergraduate,Intern/Trainee,Computing,Information Technology,Improving,Technology/Software,Software Engineer,5,No,,5,4,5,4,5,5,4,4,5,Watching Videos,Weekly,No,,,Yes,"Academic project, Personal project, Research project, Volunteer work","Career recommendation, Project ideas, CV guidance",1–3,5–10 hours,Evening,Yes,20,Job,1–2,3,Closest deadline,Yes,,Sometimes,Fairly often,Sometimes,Fairly often,Sometimes,Sometimes,Fairly often,Sometimes,Sometimes,Sometimes,6,Sometimes,4,24,172,80,"Improve overall fitness, Increase physical activity, Improve strength, Manage body weight, Improve sleep",Lightly active,2,"Walking, Home workouts, Gym / strength training",No limitations,,Dumbbells / weights,15–30 minutes,4,"Academic workload, Lack of time","Maintain healthy eating, Manage body weight, Improve nutritional quality, Increase protein intake, Increase fruit and vegetable intake",Combination of both,Non Vegetraian,Restaurants / takeaway,Often,Often,Often,Often,Often,Often,Often,Often,Sometimes,Often,
04/09/2026 10:24:54,3rd Year Undergraduate,Unemployed,Animation ,Animation ,Stable,Design/Creative Industry,Animator and Character Designer,4,Not Sure,,2,2,2,2,3,2,1,1,2,Practical/laboratory work,Rarely,Yes,"Sports, Clubs and societies, Volunteering","Active Member, President/Captain, Team leader, Volunteer",Planning to start,,"Career recommendation, Course recommendations, Certification recommendations, Portfolio guidance, Internship guidance",1–3,Less than 5 hours,Evening,No,,"Job, Family responsibilities, Social activities",3–5,5,Closest deadline,Yes,N/a,Fairly often,Very often,Very often,Sometimes,Sometimes,Fairly often,Sometimes,Almost Never,Very often,Very often,5,Often,4,22,160,54,Improve sleep,Very inactive,0,Gym / strength training,No limitations,,Dumbbells / weights,46–60 minutes,2,"Academic workload, Lack of motivation, Tiredness / lack of sleep","Maintain healthy eating, Improve nutritional quality",Combination of both,No specific preference,Cook at home,Often,Always,Often,Sometimes,Often,Always,Always,Always,Always,Never,
04/09/2026 11:03:53,3rd Year Undergraduate,Intern/Trainee,Arts/Humanities,Psycology,Declining,Psycology/Counselling,Business psychologist ,4,Yes,Clinical psychologist ,2,2,2,2,2,3,2,3,3,Reading notes/ articles,Daily,Yes,"Sports, Clubs and societies, Volunteering, Media/Content Creation","Member, Active Member, Volunteer",Yes,"Academic project, Research project, Volunteer work, Case study / report, Portfolio work","Career recommendation, Certification recommendations, Interview practice, Internship guidance",4–5,5–10 hours,Morning,Yes,25,"Lectures / Labs, Job, Clubs / Societies, Family responsibilities",1–2,5,Most important task,Yes,,Very often,Fairly often,Fairly often,Fairly often,Very often,Sometimes,Sometimes,Sometimes,Fairly often,Fairly often,7,Often,2,24,166,40,"Improve overall fitness, Improve strength, Improve flexibility / mobility, Manage body weight, Maintain current wellbeing",Very active,5,"Running / jogging, Home workouts, Gym / strength training, Yoga, Stretching / mobility, Sports",Yes,High-impact activities,"Outdoor walking / running area, Exercise mat, Dumbbells / weights, Gym / fitness centre",15–30 minutes,5,Academic workload,"Maintain healthy eating, Improve nutritional quality, Increase protein intake",Combination of both,No specific preference,Cook at home,Often,Often,Often,Seldom,Sometimes,Often,Seldom,Sometimes,Seldom,Often,
04/09/2026 11:07:00,4th Year Undergraduate,Intern/Trainee,Computing,Software Engineering,Stable,Technology/Software,software engineer,5,No,,3,5,5,3,4,4,4,2,3,Watching Videos,Daily,No,,,No,,"Career recommendation, Skill gap analysis, Project ideas",1–3,Less than 5 hours,Late Night,Yes,45,"Lectures / Labs, Sports",3–5,3,Hardest task,Yes,,Sometimes,Sometimes,Fairly often,Fairly often,Fairly often,Sometimes,Sometimes,Sometimes,Sometimes,Sometimes,6,Sometimes,3,23,180,65,Improve overall fitness,Lightly active,0,"Walking, Running / jogging",Yes,Lower-body movements,"No equipment, Outdoor walking / running area, Exercise mat",15–30 minutes,3,"Academic workload, Lack of time","Maintain healthy eating, Manage body weight",Combination of both,No specific preference,Combination,Often,Sometimes,Often,Sometimes,Often,Sometimes,Often,Sometimes,Often,Sometimes,
04/09/2026 11:08:35,4th Year Undergraduate,Unemployed,Computing,Software Engineering,Not sure/Too early to tell,Technology/Software,Software Engineer,3,Yes,Aircraft Engineer ,4,4,4,4,3,4,3,4,3,Watching Videos,Rarely,No,,,Currently following/working on one,"Academic project, Personal project","Skill gap analysis, Certification recommendations, Career change guidance",1–3,5–10 hours,Morning,No,,"Lectures / Labs, Social activities",3–5,3,No clear method,Yes,Managing multiple deadlines and balancing university work with other commitments,Sometimes,Fairly often,Very often,Sometimes,Sometimes,Fairly often,Sometimes,Sometimes,Fairly often,Fairly often,8,Often,3,23,160,47,"Improve overall fitness, Increase physical activity, Improve strength",Very inactive,0,"Gym / strength training, Yoga",No limitations,,Gym / fitness centre,Less than 15 minutes,4,"Academic workload, Lack of time, Lack of motivation, Tiredness / lack of sleep, Stress","Maintain healthy eating, Manage body weight, Improve nutritional quality, Increase protein intake",Combination of both,Non Vegetraian,Restaurants / takeaway,Often,Often,Often,Always,Often,Always,Often,Often,Often,Seldom,
04/09/2026 12:15:01,4th Year Undergraduate,Intern/Trainee,Computing,Interactive Media,Stable,Design/Creative Industry,UI/UX designer ,3,Yes,astronomer,4,5,4,4,5,4,3,3,4,Group discussions,Monthly,Yes,"Clubs and societies, Volunteering, Media/Content Creation, Student leadership","Active Member, Secretary/Treasurer, Team leader, Organiser, Volunteer",Yes,"Academic project, Personal project, Portfolio work","Career recommendation, Project ideas, Portfolio guidance, Career roadmap",1–3,5–10 hours,Late Night,Yes,30 h,"Lectures / Labs, Job, Travel",3–5,4,Closest deadline,Yes,,Very often,Sometimes,Very often,Sometimes,Almost Never,Sometimes,Almost Never,Fairly often,Sometimes,Sometimes,5-6,Sometimes,5,23,163,63,Manage body weight,Lightly active,0,"Walking, Dance / Zumba",No limitations,,No equipment,15–30 minutes,3,"Lack of motivation, Tiredness / lack of sleep, Lack of facilities / equipment","Manage body weight, Increase protein intake, Increase fruit and vegetable intake",Combination of both,Non Vegetraian,Restaurants / takeaway,Always,Often,Always,Often,Often,Often,Often,Often,Often,Sometimes,
04/09/2026 13:10:18,4th Year Undergraduate,Full-Time Employee,Business/Management,Accounting and Finance,Improving,Finance/Accounting,Accountant,4,Not Sure,,4,5,5,4,4,4,3,5,4,Watching Videos,Monthly,Yes,"Sports, Clubs and societies",President/Captain,Yes,"Academic project, Personal project","Career recommendation, Skill gap analysis, Career roadmap",More than 7,11–15 hours,Late Night,Yes,40,Job,3–5,3,Closest deadline,Yes,,Sometimes,Sometimes,Sometimes,Almost Never,Almost Never,Fairly often,Sometimes,Never,Sometimes,Sometimes,8,Often,4,23,165,64,"Improve strength, Maintain current wellbeing",Moderately active,1,"Walking, Sports, Dance / Zumba",No limitations,,"No equipment, Outdoor walking / running area, Exercise mat, Sports facilities",15–30 minutes,3,Lack of time,Maintain healthy eating,Combination of both,Non Vegetraian,Cook at home,Often,Sometimes,Sometimes,Sometimes,Often,Sometimes,Often,Often,Sometimes,Sometimes,
04/09/2026 15:27:00,2nd Year Undergraduate,Unemployed,Business/Management,Accounting and Finance,Stable,Government/ Public Sector,Executive Line Officer ,4,No,,4,3,3,4,3,3,3,3,3,Combination of above ,Weekly,No,,,No,,"Skill gap analysis, Portfolio guidance, Career roadmap",4–5,11–15 hours,Late Night,No,,Family responsibilities,3–5,4,Most important task,Yes,Lack of concentration ,Sometimes,Sometimes,Fairly often,Sometimes,Sometimes,Sometimes,Sometimes,Sometimes,Fairly often,Sometimes,4,Sometimes,4,26,173,130,Manage body weight,Lightly active,0,"Walking, Running / jogging",No limitations,,Outdoor walking / running area,46–60 minutes,3,Lack of motivation,Manage body weight,Sri Lankan meals,No specific preference,Cook at home,Often,Sometimes,Often,Often,Often,Sometimes,Sometimes,Seldom,Sometimes,Sometimes,
04/09/2026 19:26:03,4th Year Undergraduate,Full-Time Employee,Computing,Software Engineering,Improving,Technology/Software,Software Engineer ,5,No,,4,5,5,4,5,5,3,5,4,Reading notes/ articles,Monthly,No,,,Yes,"Academic project, Personal project, Technical / practical work","Certification recommendations, Interview practice, Career roadmap",4–5,Less than 5 hours,Evening,Yes,9,"Lectures / Labs, Job",3–5,5,Closest deadline,Yes,Improper planning,Sometimes,Almost Never,Sometimes,Very often,Very often,Almost Never,Very often,Very often,Almost Never,Sometimes,9,Rarely,4,24,155,48,"Manage body weight, Improve sleep",Moderately active,0,Walking,No limitations,,"Outdoor walking / running area, Exercise mat",15–30 minutes,2,"Lack of motivation, Lack of facilities / equipment, Lack of knowledge","Manage body weight, Increase fruit and vegetable intake",Combination of both,No specific preference,Family-prepared meals,Often,Seldom,Often,Seldom,Seldom,Seldom,Seldom,Seldom,Never,Always,
04/09/2026 20:13:01,4th Year Undergraduate,Full-Time Employee,Computing,Software Engineering,Stable,Technology/Software,Software engineer ,4,Yes,,3,3,3,4,4,3,4,3,4,Watching Videos,Weekly,Yes,"Competition, Debating/Public Speaking, Media/Content Creation, Performing arts, Student leadership",President/Captain,Yes,"Personal project, Volunteer work, Business / entrepreneurship activity, Technical / practical work","Career recommendation, Skill gap analysis, Certification recommendations",1–3,Less than 5 hours,Morning,Yes,8,"Job, Sports, Clubs / Societies, Family responsibilities",3–5,2,Most important task,Yes,,Sometimes,Sometimes,Almost Never,Sometimes,Almost Never,Sometimes,Almost Never,Sometimes,Almost Never,Sometimes,8,Sometimes,4,25,177,82,"Improve overall fitness, Increase physical activity, Improve flexibility / mobility, Improve sleep",Lightly active,5,"Running / jogging, Cycling, Gym / strength training",No limitations,,"Dumbbells / weights, Gym / fitness centre",31–45 minutes,3,"Lack of motivation, Tiredness / lack of sleep, Stress","Manage body weight, Improve nutritional quality, Increase protein intake",Sri Lankan meals,Non Vegetraian,Cook at home,Seldom,Seldom,Sometimes,Seldom,Sometimes,Seldom,Sometimes,Seldom,Sometimes,Seldom,
04/09/2026 21:33:38,4th Year Undergraduate,Unemployed,Sciene,Natural sciences,Stable,Law/Legal,Lawyer,3,Yes,Physician ,4,4,4,3,3,4,2,3,2,Reading notes/ articles,Monthly,Yes,"Sports, Clubs and societies, Competition, Performing arts, Religious/social service activities","Active Member, Secretary/Treasurer",Currently following/working on one,Volunteer work,"Career recommendation, Skill gap analysis, Internship guidance",More than 7,Less than 5 hours,Late Night,Yes,Six hours ,"Lectures / Labs, Family responsibilities",3–5,3,Closest deadline,Yes,Worknload,Fairly often,Sometimes,Very often,Fairly often,Fairly often,Sometimes,Fairly often,Sometimes,Fairly often,Sometimes,6,Often,3,25,168,62,"Improve overall fitness, Increase physical activity, Improve strength, Improve flexibility / mobility",Lightly active,O,Walking,Yes,Flexibility / mobility,No equipment,Less than 15 minutes,2,"Lack of motivation, Tiredness / lack of sleep, Stress","Increase protein intake, Increase fruit and vegetable intake, Support fitness",Sri Lankan meals,Non Vegetraian,Cook at home,Often,Often,Sometimes,Sometimes,Sometimes,Sometimes,Sometimes,Sometimes,Sometimes,Seldom,
04/09/2026 23:15:52,4th Year Undergraduate,Full-Time Employee,Health Science/Medicine,Nursing/Health Sciences,Improving,Healthcare/Medicine,Research Scientist ,4,No,,4,5,5,5,5,5,5,5,4,Reading notes/ articles,Weekly,Yes,"Sports, Clubs and societies, Volunteering, Competition, Debating/Public Speaking, Media/Content Creation, Performing arts, Student leadership, Religious/social service activities, Technical communities, Academic societies","Member, Active Member, Coordinator, President/Captain, Team leader, Organiser, Volunteer",Yes,"Academic project, Research project, Volunteer work, Laboratory / field work, Case study / report","Career recommendation, Interview practice, Career change guidance",4–5,11–15 hours,Late Night,Yes,9 hours,Job,3–5,5,Closest deadline,Yes,Procrastination ,Fairly often,Sometimes,Very often,Very often,Sometimes,Sometimes,Sometimes,Sometimes,Sometimes,Fairly often,7 hours,Sometimes,2,23,153,56,"Improve overall fitness, Increase physical activity, Improve strength, Improve flexibility / mobility, Manage body weight, Improve sleep, Maintain current wellbeing",Moderately active,0,"Walking, Running / jogging, Cycling, Home workouts, Sports",No limitations,,"No equipment, Outdoor walking / running area, Exercise mat, Resistance bands, Dumbbells / weights, Gym / fitness centre, Sports facilities",31–45 minutes,4,"Academic workload, Lack of time, Lack of motivation, Tiredness / lack of sleep, Stress","Maintain healthy eating, Manage body weight, Improve nutritional quality, Increase protein intake, Increase fruit and vegetable intake, Support fitness",Combination of both,No specific preference,Cook at home,Always,Always,Always,Often,Always,Sometimes,Always,Always,Always,Never,
05/09/2026 01:08:10,3rd Year Undergraduate,Unemployed,Health Science/Medicine,Nursing/Health Sciences,Improving,Healthcare/Medicine,Pharmaceutical manufacturer,5,Yes,Pharmacist,4,4,4,4,4,4,4,4,3,Practical/laboratory work,Rarely,Yes,"Clubs and societies, Volunteering, Student leadership, Religious/social service activities","Team leader, Organiser, Volunteer",Yes,"Technical / practical work, Laboratory / field work","Career recommendation, Skill gap analysis, Project ideas",6–7,Less than 5 hours,Late Night,No,,Lectures / Labs,3–5,4,Task I like most,Yes,Time and knowledge,Sometimes,Sometimes,Fairly often,Fairly often,Sometimes,Sometimes,Fairly often,Sometimes,Sometimes,Sometimes,6,Sometimes,4,22,155,55,Manage body weight,Very inactive,0,Walking,No limitations,,"Outdoor walking / running area, Gym / fitness centre",46–60 minutes,4,Tiredness / lack of sleep,Improve nutritional quality,Combination of both,Non Vegetraian,Cook at home,Often,Sometimes,Sometimes,Sometimes,Sometimes,Seldom,Often,Sometimes,Sometimes,Sometimes,
05/09/2026 09:49:19,4th Year Undergraduate,Intern/Trainee,Business/Management,Accounting and Finance,Improving,Finance/Accounting,Accountant ,5,No,,2,4,5,5,5,4,2,5,5,Lecturer guidance,Weekly,Yes,"Clubs and societies, Volunteering, Competition, Student leadership, Religious/social service activities",Active Member,Currently following/working on one,"Academic project, Personal project, Business / entrepreneurship activity","Skill gap analysis, Course recommendations, Interview practice, CV guidance, Internship guidance",More than 7,Less than 5 hours,Morning,Yes,"8hr per day , so approximately 60hr per week ","Job, Family responsibilities",1–2,5,Most important task,Yes,Job,Almost Never,Never,Almost Never,Sometimes,Almost Never,Never,Sometimes,Sometimes,Never,Almost Never,6 - 7 hrs,Never,2,25,154,49,"Improve overall fitness, Increase physical activity, Improve strength, Manage body weight, Improve sleep, Maintain current wellbeing",Very active,3,Walking,No limitations,,"No equipment, Outdoor walking / running area",15–30 minutes,5,"Academic workload, Tiredness / lack of sleep","Maintain healthy eating, Manage body weight, Improve nutritional quality, Increase protein intake, Increase fruit and vegetable intake, Support fitness",Sri Lankan meals,No specific preference,Cook at home,Sometimes,Seldom,Seldom,Never,Never,Never,Seldom,Never,Never,Always,
05/09/2026 14:11:34,4th Year Undergraduate,Fresh Graduate,Engineering,Electrical and Electronics Engineering ,Improving,Engineering,Electrical Engineer,4,Yes,Electronics Engineer,3,3,3,2,3,3,2,3,3,Watching Videos,Rarely,Yes,"Sports, Clubs and societies, Volunteering, Student leadership","Active Member, Secretary/Treasurer, Team leader, Volunteer",Yes,"Academic project, Research project","Skill gap analysis, Certification recommendations, Project ideas, Portfolio guidance, Interview practice, CV guidance, Internship guidance, Career roadmap",6–7,5–10 hours,Morning,No,,"Sports, Clubs / Societies, Social activities",3–5,5,Closest deadline,Yes,,Fairly often,Sometimes,Sometimes,Fairly often,Fairly often,Sometimes,Fairly often,Fairly often,Sometimes,Almost Never,7,Sometimes,4,24,156,56,"Improve overall fitness, Improve strength, Manage body weight, Maintain current wellbeing",Moderately active,3,"Gym / strength training, Sports",No limitations,,"Exercise mat, Resistance bands, Dumbbells / weights, Gym / fitness centre",46–60 minutes,3,"Academic workload, Lack of time, Lack of motivation","Maintain healthy eating, Manage body weight, Increase protein intake, Support fitness",Sri Lankan meals,Non Vegetraian,Cook at home,Sometimes,Seldom,Seldom,Never,Seldom,Never,Never,Never,Never,Always,
05/09/2026 20:48:00,4th Year Undergraduate,Intern/Trainee,Social Sciences,Information Technology,Stable,Technology/Software,Software Engineer,4,Yes,yes,3,4,4,3,3,3,4,3,3,Reading notes/ articles,Weekly,Yes,"Sports, Clubs and societies, Volunteering, Competition, Media/Content Creation, Student leadership","Active Member, Coordinator, Team leader",Yes,"Academic project, Personal project, Research project","Skill gap analysis, Interview practice",1–3,5–10 hours,Afternoon,Yes,yes,Clubs / Societies,3–5,3,Hardest task,Yes,.,Sometimes,Almost Never,Sometimes,Sometimes,Sometimes,Sometimes,Almost Never,Sometimes,Sometimes,Sometimes,7,Always,3,8,88,65,"Improve strength, Manage body weight",Lightly active,7,"Running / jogging, Home workouts, Yoga",Yes,Upper-body movements,"No equipment, Outdoor walking / running area, Resistance bands",31–45 minutes,3,"Lack of motivation, Tiredness / lack of sleep, Stress","Manage body weight, Increase fruit and vegetable intake",Sri Lankan meals,Vegetarian,University cafeteria / canteen,Sometimes,Seldom,Sometimes,Sometimes,Sometimes,Seldom,Sometimes,Sometimes,Sometimes,Seldom,
06/09/2026 21:04:57,3rd Year Undergraduate,Fresh Graduate,Arts/Humanities,Media and Communication,Stable,Media/Communication,Communications specialist,5,No,,5,4,4,4,4,3,3,4,5,Watching Videos,Monthly,Yes,Clubs and societies,President/Captain,No,,"Career recommendation, Certification recommendations, Portfolio guidance, CV guidance, Internship guidance",4–5,5–10 hours,Morning,Yes,20,"Lectures / Labs, Job, Clubs / Societies, Family responsibilities",1–2,3,Closest deadline,Yes,Sticking to my deadlines,Very often,Very often,Very often,Sometimes,Sometimes,Very often,Never,Never,Very often,Very often,8,Often,4,22,167,70,Improve overall fitness,Very inactive,0,Walking,No limitations,,No equipment,15–30 minutes,2,"Academic workload, Lack of time, Lack of motivation, Tiredness / lack of sleep","Maintain healthy eating, Manage body weight, Improve nutritional quality, Increase protein intake, Increase fruit and vegetable intake",Combination of both,No specific preference,Family-prepared meals,Always,Always,Always,Always,Always,Always,Always,Always,Always,Always,
07/09/2026 09:01:39,3rd Year Undergraduate,Intern/Trainee,Computing,Information Technology,Improving,Data/Analytics,Data Science,4,Yes,Marketing,5,4,4,4,5,3,4,3,3,Watching Videos,Weekly,Yes,"Sports, Clubs and societies, Volunteering, Competition, Student leadership, Religious/social service activities","President/Captain, Team leader, Organiser, Volunteer",Yes,"Academic project, Personal project, Volunteer work","Skill gap analysis, Project ideas",4–5,5–10 hours,Late Night,Yes,42,"Lectures / Labs, Job, Sports, Clubs / Societies, Family responsibilities, Social activities, Travel",3–5,2,Closest deadline,Yes,Time and the work load,Sometimes,Fairly often,Fairly often,Sometimes,Almost Never,Sometimes,Sometimes,Fairly often,Sometimes,Sometimes,4-5,Always,2,22,153,48,"Improve overall fitness, Increase physical activity, Improve sleep",Very active,6h,"Home workouts, Stretching / mobility",No limitations,,"Exercise mat, Dumbbells / weights",Less than 15 minutes,5,"Academic workload, Lack of time","Maintain healthy eating, Manage body weight",Combination of both,Non Vegetraian,Family-prepared meals,Often,Sometimes,Often,Seldom,Sometimes,Seldom,Sometimes,Sometimes,Sometimes,Often,
08/09/2026 04:05:00,4th Year Undergraduate,Full-Time Employee,Computing,Software Engineering,Improving,Technology/Software,Software engineer ,5,No,,5,5,5,5,5,5,5,5,5,Trial and Error,Weekly,Yes,"Sports, Clubs and societies, Volunteering, Media/Content Creation, Student leadership, Religious/social service activities","Member, Active Member, Coordinator, President/Captain, Team leader, Volunteer",Yes,"Volunteer work, Technical / practical work","Career recommendation, Course recommendations, Certification recommendations, Project ideas, Interview practice, CV guidance, Internship guidance, Career roadmap, Career change guidance",More than 7,Less than 5 hours,Evening,Yes,45 hours,Job,3–5,1,Most important task,Yes,Na,Almost Never,Almost Never,Almost Never,Almost Never,Almost Never,Almost Never,Almost Never,Almost Never,Almost Never,Almost Never,8,Sometimes,3,20,5.8,68,"Improve overall fitness, Increase physical activity, Improve strength, Improve sleep",Moderately active,4,"Walking, Sports",Yes,High-impact activities,No equipment,31–45 minutes,5,"Academic workload, Lack of time, Stress",Maintain healthy eating,Sri Lankan meals,No specific preference,Family-prepared meals,Often,Often,Often,Often,Often,Often,Often,Often,Often,Often,
09/09/2026 13:11:18,4th Year Undergraduate,Intern/Trainee,Computing,Software Engineering,Stable,Technology/Software,Software Engineer,4,Not Sure,,5,5,5,5,5,4,3,5,5,Watching Videos,Rarely,Yes,"Clubs and societies, Competition","Member, Active Member",Yes,Academic project,"Career recommendation, Skill gap analysis, Course recommendations, Certification recommendations, Project ideas, Portfolio guidance, Interview practice, CV guidance, Internship guidance, Career roadmap, Career change guidance",4–5,Less than 5 hours,Late Night,No,,"Lectures / Labs, Job, Sports, Clubs / Societies, Family responsibilities, Social activities, Travel",1–2,3,Closest deadline,Yes,,Fairly often,Sometimes,Sometimes,Sometimes,Sometimes,Fairly often,Fairly often,Sometimes,Fairly often,Fairly often,6,Often,3,24,182.88,90,"Improve overall fitness, Increase physical activity, Improve strength, Improve flexibility / mobility, Manage body weight, Improve sleep",Lightly active,0,"Running / jogging, Home workouts",No limitations,,"Exercise mat, Dumbbells / weights",31–45 minutes,3,"Academic workload, Lack of time, Lack of motivation, Tiredness / lack of sleep, Stress, Lack of facilities / equipment","Maintain healthy eating, Manage body weight, Improve nutritional quality",Sri Lankan meals,No specific preference,Cook at home,Sometimes,Seldom,Sometimes,Often,Often,Sometimes,Sometimes,Sometimes,Sometimes,Sometimes,
15/09/2026 17:29:32,3rd Year Undergraduate,Unemployed,Business/Management,Business Management,Stable,Not sure yet,Flight attendant ,3,Not Sure,,5,2,3,3,3,3,3,3,4,Watching Videos,Rarely,Yes,"Sports, Clubs and societies, Volunteering",Secretary/Treasurer,No,,"Career recommendation, Interview practice, Career roadmap, Career change guidance",4–5,5–10 hours,Morning,No,,Clubs / Societies,1–2,5,Closest deadline,Yes,Balancing university tasks with club work,Fairly often,Very often,Very often,Never,Never,Very often,Sometimes,Sometimes,Very often,Very often,6,Always,4,22,165,43,"Manage body weight, Improve sleep",Very inactive,0,"Running / jogging, Home workouts, Yoga, Dance / Zumba",No limitations,,"Outdoor walking / running area, Exercise mat, Gym / fitness centre",More than 60 minutes,3,"Lack of motivation, Tiredness / lack of sleep, Stress, Cost","Maintain healthy eating, Manage body weight, Improve nutritional quality, Increase protein intake",Combination of both,Non Vegetraian,Family-prepared meals,Always,Always,Always,Always,Always,Sometimes,Sometimes,Often,Often,Sometimes,
16/09/2026 15:33:15,3rd Year Undergraduate,Unemployed,Engineering,Mechatronics Engineering,Declining,Research/Academia,Engineering director,3,Yes,Architect,5,5,4,5,5,3,4,5,5,Practising with projects,Rarely,Yes,"Sports, Volunteering",Committee member,Currently following/working on one,"Academic project, Personal project, Research project","Skill gap analysis, Certification recommendations, Project ideas, Career roadmap",4–5,Less than 5 hours,Late Night,No,,"Sports, Family responsibilities",3–5,3,No clear method,Yes,,Very often,Very often,Fairly often,Sometimes,Almost Never,Fairly often,Almost Never,Sometimes,Very often,Fairly often,6,Often,3,23,153,47,"Improve overall fitness, Improve strength, Improve flexibility / mobility",Moderately active,3,"Running / jogging, Stretching / mobility, Sports",No limitations,,Outdoor walking / running area,46–60 minutes,3,"Lack of time, Tiredness / lack of sleep","Increase protein intake, Increase fruit and vegetable intake",Combination of both,No specific preference,Combination,Always,Often,Always,Sometimes,Often,Seldom,Sometimes,Always,Often,Seldom,
17/09/2026 16:16:45,2nd Year Undergraduate,Unemployed,Business/Management,Human resource management ,Stable,Business/Management,Hr manager,3,Yes,Pediatrician ,3,3,4,3,3,4,4,3,4,Reading notes/ articles,Rarely,No,,,Yes,Academic project,"Career recommendation, Interview practice, Internship guidance",4–5,5–10 hours,Late Night,No,,Family responsibilities,1–2,5,Closest deadline,Maybe,,Sometimes,Sometimes,Fairly often,Fairly often,Fairly often,Sometimes,Sometimes,Sometimes,Sometimes,Sometimes,8,Sometimes,4,22,168,44,Gain weight ,Moderately active,0,"Walking, Cycling, Home workouts, Dance / Zumba",No limitations,,"No equipment, Outdoor walking / running area, Exercise mat",More than 60 minutes,2,Lack of motivation,Manage body weight,Combination of both,No specific preference,Combination,Sometimes,Often,Sometimes,Sometimes,Sometimes,Seldom,Sometimes,Seldom,Sometimes,Often,
22/09/2026 13:29:42,4th Year Undergraduate,Full-Time Employee,Computing,Information Technology,Stable,Technology/Software,Cloud Engineer,4,Not Sure,,3,3,3,3,2,2,2,3,2,Watching Videos,Rarely,Yes,"Sports, Clubs and societies, Religious/social service activities",Secretary/Treasurer,Yes,"Academic project, Personal project, Research project, Volunteer work, Case study / report, Portfolio work","Career recommendation, Course recommendations, Certification recommendations, CV guidance",1–3,Less than 5 hours,Late Night,Yes,45,"Lectures / Labs, Job",3–5,5,No clear method,Maybe,Time management,Sometimes,Sometimes,Sometimes,Sometimes,Sometimes,Sometimes,Sometimes,Sometimes,Sometimes,Sometimes,6,Sometimes,3,24,175,55,"Improve overall fitness, Increase physical activity, Improve strength, Improve flexibility / mobility, Manage body weight, Improve sleep, Maintain current wellbeing",Very active,5,Gym / strength training,No limitations,,Gym / fitness centre,More than 60 minutes,5,"Academic workload, Lack of time, Tiredness / lack of sleep","Maintain healthy eating, Increase protein intake, Increase fruit and vegetable intake, Support fitness",Combination of both,Non Vegetraian,Combination,Sometimes,Sometimes,Sometimes,Seldom,Sometimes,Sometimes,Sometimes,Seldom,Seldom,Seldom,
23/09/2026 09:59:11,2nd Year Undergraduate,Unemployed,Computing,Information Technology,Stable,Technology/Software,Cyber security ,3,No,,2,2,2,2,2,2,2,2,2,Reading notes/ articles,Rarely,No,,,Currently following/working on one,Academic project,"Career recommendation, Interview practice, CV guidance, Internship guidance, Career roadmap",4–5,5–10 hours,Late Night,No,,"Clubs / Societies, Social activities, Travel",6–8,4,Closest deadline,Maybe,,Sometimes,Sometimes,Sometimes,Sometimes,Sometimes,Sometimes,Sometimes,Sometimes,Sometimes,Sometimes,6,Sometimes,3,20,154,54,"Improve overall fitness, Improve strength, Manage body weight, Maintain current wellbeing",Moderately active,0,"Walking, Running / jogging, Home workouts, Gym / strength training",No limitations,,"No equipment, Outdoor walking / running area, Exercise mat",31–45 minutes,3,"Academic workload, Lack of motivation, Stress","Maintain healthy eating, Manage body weight, Improve nutritional quality, Increase fruit and vegetable intake",Combination of both,No specific preference,University cafeteria / canteen,Sometimes,Sometimes,Sometimes,Sometimes,Sometimes,Sometimes,Sometimes,Sometimes,Sometimes,Sometimes,
23/09/2026 20:28:51,2nd Year Undergraduate,Intern/Trainee,Arts/Humanities,Psycology,Stable,Psycology/Counselling,Counselor,5,Yes,Lawyer,2,3,3,3,3,2,2,2,3,Practical/laboratory work,Rarely,Yes,"Sports, Clubs and societies, Volunteering, Competition, Debating/Public Speaking, Media/Content Creation, Performing arts, Student leadership","Member, Active Member, Team leader, Organiser, Volunteer",Yes,"Academic project, Research project, Volunteer work, Technical / practical work, Laboratory / field work, Case study / report","Interview practice, Internship guidance, Career roadmap",4–5,5–10 hours,Late Night,No,,"Lectures / Labs, Family responsibilities, Social activities, Travel",1–2,5,Closest deadline,Yes,Time,Fairly often,Sometimes,Sometimes,Very often,Fairly often,Sometimes,Fairly often,Fairly often,Sometimes,Almost Never,6-7,Rarely,5,21,153,52,"Improve overall fitness, Improve sleep, Maintain current wellbeing",Very active,0,Walking,No limitations,,Exercise mat,Less than 15 minutes,3,"Academic workload, Lack of time, Tiredness / lack of sleep, Lack of facilities / equipment","Maintain healthy eating, Manage body weight, Increase fruit and vegetable intake",Sri Lankan meals,Non Vegetraian,Cook at home,Often,Often,Often,Sometimes,Often,Sometimes,Often,Often,Seldom,Always,
02/10/2026 13:45:01,3rd Year Undergraduate,Intern/Trainee,Computing,Information Technology,Improving,Technology/Software,qualiy assurance engineering,3,Yes,software engineer,4,3,3,4,4,4,3,4,4,Watching Videos,Rarely,No,,,No,,"Career recommendation, Skill gap analysis, Course recommendations, Certification recommendations, Project ideas, Portfolio guidance, Interview practice, CV guidance, Internship guidance, Career roadmap, Career change guidance",4–5,Less than 5 hours,Late Night,Yes,9,"Job, Social activities, Travel",1–2,5,Closest deadline,Yes,,Very often,Almost Never,Sometimes,Sometimes,Sometimes,Sometimes,Sometimes,Sometimes,Sometimes,Sometimes,8,Often,4,22,152cm,65,"Improve overall fitness, Increase physical activity, Improve strength, Manage body weight",Lightly active,1,"Walking, Home workouts, Dance / Zumba",No limitations,,"Outdoor walking / running area, Exercise mat",15–30 minutes,5,"Academic workload, Lack of time, Lack of motivation, Tiredness / lack of sleep, Stress, Cost","Maintain healthy eating, Manage body weight, Improve nutritional quality",Sri Lankan meals,No specific preference,Cook at home,Sometimes,Sometimes,Sometimes,Sometimes,Sometimes,Sometimes,Sometimes,Sometimes,Sometimes,Sometimes,
07/10/2026 12:52:15,1st Year Undergraduate,Fresh Graduate,Business/Management,Business Management,Not sure/Too early to tell,Business/Management,manager,3,No,,3,4,4,4,4,4,4,4,4,Lecturer guidance,Rarely,Yes,"Sports, Clubs and societies, Volunteering, Competition",Team leader,No,,"Career recommendation, Skill gap analysis, Course recommendations, Certification recommendations, Project ideas, Interview practice, CV guidance",4–5,Less than 5 hours,Evening,No,,Social activities,1–2,5,Closest deadline,Yes,,Fairly often,Very often,Sometimes,Fairly often,Fairly often,Sometimes,Sometimes,Fairly often,Fairly often,Fairly often,9,Often,5,21,155cm,55kg,Improve overall fitness,Moderately active,2,"Walking, Running / jogging, Cycling, Home workouts, Gym / strength training, Stretching / mobility, Dance / Zumba",No limitations,,No equipment,More than 60 minutes,3,"Academic workload, Tiredness / lack of sleep, Cost","Maintain healthy eating, Support fitness",Combination of both,No specific preference,Cook at home,Sometimes,Often,Sometimes,Often,Often,Often,Often,Often,Often,Always,
07/10/2026 13:26:12,2nd Year Undergraduate,Intern/Trainee,Engineering,Civil Engineering,Stable,Engineering,enginneer,5,No,,4,4,4,4,4,4,4,4,4,Reading notes/ articles,Weekly,No,,,No,,"Career recommendation, Skill gap analysis, Certification recommendations, Project ideas, Interview practice, CV guidance, Internship guidance",4–5,5–10 hours,Morning,No,,"Clubs / Societies, Family responsibilities",3–5,5,Closest deadline,Yes,,Very often,Very often,Very often,Very often,Very often,Very often,Very often,Very often,Very often,Very often,5,Always,5,22,154,67,"Improve overall fitness, Increase physical activity, Improve strength, Improve flexibility / mobility, Manage body weight, Maintain current wellbeing",Very inactive,1,"Walking, Running / jogging, Cycling, Home workouts",No limitations,,No equipment,15–30 minutes,5,"Lack of time, Lack of motivation, Tiredness / lack of sleep","Maintain healthy eating, Manage body weight, Improve nutritional quality, Increase protein intake, Support fitness",Combination of both,No specific preference,Cook at home,Sometimes,Sometimes,Sometimes,Sometimes,Sometimes,Sometimes,Sometimes,Sometimes,Sometimes,Sometimes,
07/10/2026 14:21:16,3rd Year Undergraduate,Intern/Trainee,Computing,Information Technology,Stable,Technology/Software,full stackdeveloper,3,Not Sure,,4,4,3,3,4,4,3,4,4,Watching Videos,Monthly,No,,,No,,"CV guidance, Internship guidance",4–5,5–10 hours,Morning,No,,Social activities,3–5,4,Closest deadline,Yes,,Fairly often,Fairly often,Fairly often,Sometimes,Almost Never,Sometimes,Sometimes,Sometimes,Sometimes,Sometimes,5,Sometimes,5,23,158,70,Manage body weight,Lightly active,1,"Walking, Running / jogging",No limitations,,Outdoor walking / running area,31–45 minutes,5,"Academic workload, Lack of time","Maintain healthy eating, Manage body weight",Sri Lankan meals,No specific preference,Family-prepared meals,Sometimes,Sometimes,Sometimes,Sometimes,Sometimes,Sometimes,Sometimes,Sometimes,Sometimes,Always,